area,admin_area,id,demographic_id,age,education,gender,ethnicity,family_ratio,income,in_household,household_id,relationship
d181,a1,d181_158,young_professional,25,5,0,0,0.2,45129,True,d181_hh167,head
d181,a1,d181_268,young_professional,28,6,0,0,0.2,29545,True,d181_hh167,partner
d130,a0,d130_503,working_class,71,3,1,0,0.65,16898,True,d130_hh233,head
d130,a0,d130_44,working_class,42,1,1,0,0.65,36847,True,d130_hh233,partner
d83,a0,d83_173,middle_class,50,7,1,0,0.7,37080,True,d83_hh124,head
d83,a0,d83_470,middle_class,54,4,0,0,0.7,37078,True,d83_hh124,partner
d89,a1,d89_371,working_class,66,2,1,0,0.65,32444,True,d89_hh143,head
d204,a3,d204_285,retired,64,1,0,0,0.3,29571,True,d204_hh245,head
d204,a3,d204_529,retired,69,0,0,0,0.3,8046,True,d204_hh245,partner
d144,a1,d144_27,middle_class,46,6,1,0,0.7,21199,True,d144_hh20,head
d144,a1,d144_125,retired,76,6,0,0,0.3,21623,True,d144_hh20,partner
d45,a3,d45_92,working_class,52,0,0,0,0.65,36882,True,d45_hh224,head
d45,a3,d45_305,working_class,52,0,0,0,0.65,24567,True,d45_hh224,partner
d114,a1,d114_88,working_class,47,2,1,0,0.65,18023,True,d114_hh238,head
d29,a1,d29_16,retired,68,3,0,0,0.3,15226,True,d29_hh58,head
d138,a4,d138_77,retired,66,3,0,0,0.3,18692,True,d138_hh178,head
d138,a4,d138_424,rural_worker,43,2,1,0,0.7,27974,True,d138_hh178,partner
d133,a3,d133_130,middle_class,43,5,1,0,0.7,54417,True,d133_hh242,head
d133,a3,d133_300,retired,56,2,1,0,0.3,24672,True,d133_hh242,partner
d184,a2,d184_191,retired,53,3,0,0,0.3,30952,True,d184_hh164,head
d204,a3,d204_519,working_class,39,3,0,0,0.65,19400,True,d204_hh72,head
d204,a3,d204_338,middle_class,39,8,0,0,0.7,23779,True,d204_hh72,partner
d152,a4,d152_385,rural_worker,59,2,1,0,0.7,19778,True,d152_hh72,head
d152,a4,d152_50,working_class,32,3,1,0,0.65,24266,True,d152_hh72,partner
d30,a4,d30_456,farmer_agricultural,55,2,1,0,0.75,11262,True,d30_hh97,head
d30,a4,d30_24,farmer_agricultural,69,1,0,0,0.75,26602,True,d30_hh97,partner
d165,a1,d165_115,retired,70,1,0,0,0.3,22738,True,d165_hh64,head
d165,a1,d165_10,retired,63,3,1,0,0.3,29117,True,d165_hh64,partner
d210,a0,d210_48,farmer_agricultural,85,2,0,0,0.75,44020,True,d210_hh15,head
d210,a0,d210_369,rural_worker,47,3,0,0,0.7,22112,True,d210_hh15,partner
d167,a0,d167_175,middle_class,41,1,0,0,0.7,45748,True,d167_hh128,head
d167,a0,d167_34,student,21,0,0,0,0.05,8925,True,d167_hh128,partner
d167,a0,d167_175c0,na,12,na,0,0,0,0,True,d167_hh128,child
d30,a4,d30_515,middle_class,44,5,0,0,0.7,28901,True,d30_hh181,head
d205,a0,d205_266,working_class,39,3,0,0,0.65,30850,True,d205_hh23,head
d205,a0,d205_494,retired,68,3,1,0,0.3,25915,True,d205_hh23,partner
d130,a0,d130_393,working_class,37,3,0,0,0.65,34781,True,d130_hh131,head
d130,a0,d130_363,working_class,68,1,1,0,0.65,14762,True,d130_hh131,partner
d191,a4,d191_352,working_class,45,0,0,0,0.65,23109,True,d191_hh24,head
d185,a1,d185_186,retired,72,2,0,0,0.3,24037,True,d185_hh171,head
d185,a1,d185_247,working_class,56,2,1,0,0.65,29474,True,d185_hh171,partner
d77,a3,d77_73,rural_worker,44,1,1,0,0.7,16285,True,d77_hh264,head
d77,a3,d77_61,rural_worker,47,0,1,0,0.7,19249,True,d77_hh264,partner
d142,a0,d142_53,retired,71,1,0,0,0.3,16711,True,d142_hh20,head
d142,a0,d142_7,young_professional,28,5,0,0,0.2,42047,True,d142_hh20,partner
d7,a0,d7_315,farmer_agricultural,60,2,1,0,0.75,50259,True,d7_hh145,head
d7,a0,d7_210,retired,67,5,0,0,0.3,32983,True,d7_hh145,partner
d7,a0,d7_118,retired,85,1,0,0,0.3,18459,True,d7_hh145,partner
d7,a0,d7_101,retired,77,2,1,0,0.3,29258,True,d7_hh145,partner
d214,a0,d214_63,farmer_agricultural,60,1,0,0,0.75,32965,True,d214_hh97,head
d174,a3,d174_457,working_class,47,1,0,0,0.65,24095,True,d174_hh113,head
d174,a3,d174_355,working_class,66,2,0,0,0.65,25789,True,d174_hh113,partner
d174,a3,d174_8,retired,71,3,1,0,0.3,-711,True,d174_hh113,partner
d8,a0,d8_42,working_class,49,3,1,0,0.65,22221,True,d8_hh238,head
d129,a1,d129_232,farmer_agricultural,62,1,0,0,0.75,41412,True,d129_hh46,head
d129,a1,d129_48,farmer_agricultural,61,3,1,0,0.75,14819,True,d129_hh46,partner
d70,a0,d70_98,young_professional,23,7,1,0,0.2,33429,True,d70_hh85,head
d70,a0,d70_25,working_class,48,4,0,0,0.65,20262,True,d70_hh85,partner
d49,a3,d49_188,affluent_professional,36,7,1,0,0.6,60958,True,d49_hh126,head
d49,a3,d49_80,working_class,53,2,1,0,0.65,18870,True,d49_hh126,partner
d188,a0,d188_172,middle_class,54,7,1,0,0.7,61985,True,d188_hh114,head
d116,a3,d116_466,working_class,60,2,0,0,0.65,50224,True,d116_hh222,head
d116,a3,d116_399,affluent_professional,38,6,0,0,0.6,65385,True,d116_hh222,partner
d125,a1,d125_428,affluent_professional,46,8,1,0,0.6,76474,True,d125_hh242,head
d125,a1,d125_46,rural_worker,41,1,1,0,0.7,27655,True,d125_hh242,partner
d128,a4,d128_490,retired,54,2,1,0,0.3,29027,True,d128_hh109,head
d128,a4,d128_175,retired,68,3,0,0,0.3,21131,True,d128_hh109,partner
d171,a3,d171_393,farmer_agricultural,45,2,1,0,0.75,47018,True,d171_hh172,head
d171,a3,d171_29,rural_worker,47,1,0,0,0.7,22404,True,d171_hh172,partner
d175,a3,d175_274,rural_worker,51,0,1,0,0.7,12719,True,d175_hh169,head
d76,a1,d76_309,retired,66,3,1,0,0.3,22481,True,d76_hh34,head
d76,a1,d76_9,retired,73,4,0,0,0.3,22898,True,d76_hh34,partner
d53,a3,d53_377,rural_worker,38,1,1,0,0.7,27395,True,d53_hh59,head
d53,a3,d53_522,farmer_agricultural,37,1,0,0,0.75,27664,True,d53_hh59,partner
d74,a0,d74_331,middle_class,34,2,1,0,0.7,4532,True,d74_hh77,head
d74,a0,d74_175,working_class,45,2,0,0,0.65,22860,True,d74_hh77,partner
d22,a1,d22_192,middle_class,29,4,1,0,0.7,40902,True,d22_hh241,head
d22,a1,d22_231,rural_worker,50,0,1,0,0.7,27374,True,d22_hh241,partner
d142,a0,d142_406,young_professional,23,6,1,0,0.2,27545,True,d142_hh176,head
d142,a0,d142_294,low_income,16,1,1,0,0.5,17316,True,d142_hh176,partner
d32,a3,d32_76,farmer_agricultural,38,2,1,0,0.75,21743,True,d32_hh23,head
d32,a3,d32_12,working_class,53,0,1,0,0.65,30221,True,d32_hh23,partner
d44,a0,d44_153,middle_class,51,3,1,0,0.7,27238,True,d44_hh228,head
d44,a0,d44_275,affluent_professional,51,5,1,0,0.6,87287,True,d44_hh228,partner
d1,a0,d1_394,farmer_agricultural,48,2,0,0,0.75,20169,True,d1_hh46,head
d1,a0,d1_297,middle_class,52,6,1,0,0.7,46418,True,d1_hh46,partner
d1,a0,d1_97,retired,73,2,1,0,0.3,11922,True,d1_hh46,partner
d131,a1,d131_371,working_class,72,2,0,0,0.65,31482,True,d131_hh21,head
d131,a1,d131_193,farmer_agricultural,50,0,0,0,0.75,10867,True,d131_hh259,head
d131,a1,d131_144,affluent_professional,30,6,0,0,0.6,54147,True,d131_hh259,partner
d131,a1,d131_193c0,na,4,na,1,0,0,0,True,d131_hh259,child
d154,a3,d154_14,working_class,55,3,0,0,0.65,11568,True,d154_hh71,head
d154,a3,d154_78,rural_worker,56,2,1,0,0.7,21866,True,d154_hh71,partner
d14,a0,d14_268,working_class,64,4,1,0,0.65,18428,True,d14_hh148,head
d14,a0,d14_393,retired,55,2,1,0,0.3,11774,True,d14_hh148,partner
d47,a1,d47_170,middle_class,64,3,1,0,0.7,24152,True,d47_hh244,head
d47,a1,d47_179,working_class,27,2,1,0,0.65,25676,True,d47_hh244,partner
d166,a4,d166_103,rural_worker,42,1,1,0,0.7,19812,True,d166_hh224,head
d166,a4,d166_433,rural_worker,29,1,1,0,0.7,23410,True,d166_hh224,partner
d53,a3,d53_123,retired,76,2,0,0,0.3,31314,True,d53_hh206,head
d97,a3,d97_60,rural_worker,62,0,0,0,0.7,21679,True,d97_hh242,head
d102,a2,d102_497,retired,61,1,0,0,0.3,25042,True,d102_hh0,head
d86,a1,d86_131,working_class,39,2,1,0,0.65,21903,True,d86_hh165,head
d86,a1,d86_329,working_class,23,2,0,0,0.65,44909,True,d86_hh165,partner
d177,a3,d177_290,rural_worker,36,2,1,0,0.7,25562,True,d177_hh230,head
d177,a3,d177_319,middle_class,29,2,1,0,0.7,63490,True,d177_hh230,partner
d137,a1,d137_290,retired,63,3,0,0,0.3,22565,True,d137_hh110,head
d105,a1,d105_391,retired,65,5,0,0,0.3,33700,True,d105_hh207,head
d105,a1,d105_149,affluent_professional,42,4,0,0,0.6,50918,True,d105_hh207,partner
d165,a1,d165_315,working_class,60,2,1,0,0.65,23168,True,d165_hh132,head
d165,a1,d165_491,working_class,45,2,1,0,0.65,31745,True,d165_hh132,partner
d90,a1,d90_53,retired,65,4,0,0,0.3,20144,True,d90_hh139,head
d90,a1,d90_195,retired,80,3,0,0,0.3,18483,True,d90_hh139,partner
d199,a4,d199_125,farmer_agricultural,32,2,1,0,0.75,57111,True,d199_hh16,head
d199,a4,d199_465,retired,62,3,1,0,0.3,22249,True,d199_hh16,partner
d199,a4,d199_125c0,na,16,na,0,0,0,0,True,d199_hh16,child
d68,a0,d68_61,student,23,4,0,0,0.05,13106,True,d68_hh57,head
d68,a0,d68_11,middle_class,45,2,0,0,0.7,53936,True,d68_hh57,partner
d68,a0,d68_142,retired,78,3,1,0,0.3,33568,True,d68_hh57,partner
d189,a3,d189_123,working_class,70,2,0,0,0.65,27581,True,d189_hh276,head
d189,a3,d189_397,retired,64,0,0,0,0.3,22479,True,d189_hh276,partner
d84,a1,d84_41,working_class,41,3,0,0,0.65,29729,True,d84_hh146,head
d84,a1,d84_178,retired,69,2,0,0,0.3,25241,True,d84_hh146,partner
d6,a0,d6_354,retired,73,1,1,0,0.3,34957,True,d6_hh92,head
d6,a0,d6_435,retired,76,5,0,0,0.3,10729,True,d6_hh92,partner
d134,a0,d134_290,farmer_agricultural,48,2,0,0,0.75,38207,True,d134_hh141,head
d134,a0,d134_374,retired,73,2,1,0,0.3,6191,True,d134_hh141,partner
d65,a4,d65_255,rural_worker,23,1,1,0,0.7,24624,True,d65_hh23,head
d65,a4,d65_296,working_class,44,3,1,0,0.65,21845,True,d65_hh23,partner
d65,a4,d65_255c0,na,3,na,0,0,0,0,True,d65_hh23,child
d66,a4,d66_425,middle_class,41,4,1,0,0.7,40891,True,d66_hh51,head
d66,a4,d66_284,rural_worker,32,2,1,0,0.7,21492,True,d66_hh51,partner
d66,a4,d66_425c0,na,11,na,1,0,0,0,True,d66_hh51,child
d210,a0,d210_161,farmer_agricultural,53,0,0,0,0.75,9593,True,d210_hh176,head
d41,a1,d41_337,rural_worker,31,2,1,0,0.7,14618,True,d41_hh254,head
d11,a3,d11_269,farmer_agricultural,65,1,1,0,0.75,42067,True,d11_hh147,head
d11,a3,d11_331,farmer_agricultural,46,1,0,0,0.75,15603,True,d11_hh147,partner
d45,a3,d45_431,middle_class,51,4,1,0,0.7,40737,True,d45_hh265,head
d45,a3,d45_296,middle_class,23,5,1,0,0.7,41798,True,d45_hh265,partner
d91,a3,d91_279,rural_worker,32,0,0,0,0.7,27769,True,d91_hh98,head
d91,a3,d91_428,farmer_agricultural,60,2,1,0,0.75,44585,True,d91_hh98,partner
d91,a3,d91_279c0,na,11,na,0,0,0,0,True,d91_hh98,child
d91,a3,d91_279c1,na,4,na,1,0,0,0,True,d91_hh98,child
d91,a3,d91_279c2,na,1,na,1,0,0,0,True,d91_hh98,child
d214,a0,d214_181,farmer_agricultural,65,1,0,0,0.75,25357,True,d214_hh162,head
d126,a4,d126_59,rural_worker,52,3,0,0,0.7,29265,True,d126_hh110,head
d126,a4,d126_255,retired,70,2,0,0,0.3,23593,True,d126_hh110,partner
d129,a1,d129_60,retired,56,0,0,0,0.3,22535,True,d129_hh272,head
d137,a1,d137_10,farmer_agricultural,32,1,0,0,0.75,2539,True,d137_hh211,head
d137,a1,d137_338,rural_worker,60,3,1,0,0.7,20172,True,d137_hh211,partner
d137,a1,d137_453,rural_worker,55,2,1,0,0.7,21295,True,d137_hh211,partner
d137,a1,d137_305,farmer_agricultural,50,2,1,0,0.75,17126,True,d137_hh211,partner
d114,a1,d114_483,middle_class,33,2,0,0,0.7,27877,True,d114_hh71,head
d161,a1,d161_336,working_class,56,2,0,0,0.65,22454,True,d161_hh30,head
d62,a0,d62_352,farmer_agricultural,63,0,0,0,0.75,11948,True,d62_hh36,head
d62,a0,d62_214,retired,84,3,0,0,0.3,14830,True,d62_hh36,partner
d162,a3,d162_373,rural_worker,63,0,1,0,0.7,9891,True,d162_hh156,head
d162,a3,d162_370,working_class,59,3,0,0,0.65,26826,True,d162_hh156,partner
d176,a1,d176_333,working_class,57,4,0,0,0.65,39554,True,d176_hh14,head
d107,a0,d107_136,rural_worker,42,0,0,0,0.7,17551,True,d107_hh265,head
d130,a0,d130_0,affluent_professional,37,5,0,0,0.6,56883,True,d130_hh51,head
d130,a0,d130_382,farmer_agricultural,48,3,0,0,0.75,17164,True,d130_hh51,partner
d118,a0,d118_239,middle_class,37,2,1,0,0.7,40881,True,d118_hh166,head
d163,a1,d163_204,rural_worker,46,1,1,0,0.7,15070,True,d163_hh25,head
d163,a1,d163_492,affluent_professional,53,6,1,0,0.6,67007,True,d163_hh25,partner
d146,a3,d146_332,retired,69,3,0,0,0.3,19626,True,d146_hh250,head
d146,a3,d146_175,retired,87,2,1,0,0.3,11555,True,d146_hh250,partner
d38,a3,d38_439,farmer_agricultural,51,3,0,0,0.75,27355,True,d38_hh185,head
d38,a3,d38_237,farmer_agricultural,51,4,0,0,0.75,37016,True,d38_hh185,partner
d38,a3,d38_307,retired,72,1,1,0,0.3,25907,True,d38_hh185,partner
d38,a3,d38_231,retired,77,2,1,0,0.3,33367,True,d38_hh185,partner
d38,a3,d38_202,retired,79,4,0,0,0.3,34458,True,d38_hh185,partner
d147,a3,d147_392,working_class,42,3,0,0,0.65,36794,True,d147_hh252,head
d100,a3,d100_408,farmer_agricultural,51,0,0,0,0.75,26408,True,d100_hh129,head
d100,a3,d100_79,affluent_professional,56,7,1,0,0.6,95182,True,d100_hh129,partner
d98,a1,d98_205,farmer_agricultural,61,1,1,0,0.75,707,True,d98_hh149,head
d15,a0,d15_395,affluent_professional,37,5,0,0,0.6,55374,True,d15_hh63,head
d15,a0,d15_287,rural_worker,25,2,0,0,0.7,18728,True,d15_hh63,partner
d15,a0,d15_395c0,na,15,na,1,0,0,0,True,d15_hh63,child
d67,a4,d67_349,rural_worker,53,1,0,0,0.7,43637,True,d67_hh207,head
d201,a0,d201_295,working_class,49,2,1,0,0.65,35393,True,d201_hh208,head
d69,a3,d69_321,rural_worker,31,3,1,0,0.7,17108,True,d69_hh278,head
d69,a3,d69_149,retired,67,2,0,0,0.3,32887,True,d69_hh278,partner
d69,a3,d69_321c0,na,13,na,1,0,0,0,True,d69_hh278,child
d83,a0,d83_118,retired,74,3,1,0,0.3,7708,True,d83_hh92,head
d180,a4,d180_250,middle_class,37,4,0,0,0.7,57241,True,d180_hh151,head
d133,a3,d133_258,rural_worker,39,2,1,0,0.7,11319,True,d133_hh67,head
d133,a3,d133_9,retired,78,3,1,0,0.3,25578,True,d133_hh67,partner
d5,a1,d5_376,retired,59,2,0,0,0.3,36049,True,d5_hh160,head
d80,a0,d80_25,retired,76,3,0,0,0.3,44549,True,d80_hh221,head
d80,a0,d80_458,farmer_agricultural,60,1,1,0,0.75,17465,True,d80_hh221,partner
d50,a3,d50_49,farmer_agricultural,59,0,1,0,0.75,49021,True,d50_hh151,head
d191,a4,d191_458,retired,66,2,1,0,0.3,19129,True,d191_hh13,head
d174,a3,d174_210,middle_class,37,2,0,0,0.7,52260,True,d174_hh179,head
d174,a3,d174_138,rural_worker,42,2,1,0,0.7,25351,True,d174_hh179,partner
d185,a1,d185_137,retired,64,2,1,0,0.3,19444,True,d185_hh63,head
d83,a0,d83_384,working_class,52,3,1,0,0.65,8928,True,d83_hh72,head
d83,a0,d83_134,middle_class,39,4,1,0,0.7,32481,True,d83_hh72,partner
d58,a4,d58_348,rural_worker,45,1,0,0,0.7,21125,True,d58_hh69,head
d58,a4,d58_263,rural_worker,31,0,1,0,0.7,35053,True,d58_hh69,partner
d212,a0,d212_239,middle_class,42,4,1,0,0.7,56790,True,d212_hh110,head
d212,a0,d212_490,affluent_professional,45,4,1,0,0.6,64177,True,d212_hh110,partner
d40,a3,d40_323,farmer_agricultural,55,2,1,0,0.75,30913,True,d40_hh90,head
d40,a3,d40_373,middle_class,43,3,0,0,0.7,39435,True,d40_hh90,partner
d171,a3,d171_461,rural_worker,46,1,0,0,0.7,13459,True,d171_hh114,head
d171,a3,d171_54,affluent_professional,26,4,1,0,0.6,14106,True,d171_hh114,partner
d29,a1,d29_421,retired,69,5,1,0,0.3,22376,True,d29_hh151,head
d29,a1,d29_326,working_class,48,1,1,0,0.65,28836,True,d29_hh151,partner
d100,a3,d100_46,working_class,21,2,1,0,0.65,27535,True,d100_hh115,head
d100,a3,d100_452,farmer_agricultural,52,0,1,0,0.75,37009,True,d100_hh115,partner
d75,a4,d75_481,working_class,47,2,0,0,0.65,29342,True,d75_hh84,head
d75,a4,d75_463,retired,57,4,1,0,0.3,13321,True,d75_hh84,partner
d128,a4,d128_388,working_class,58,2,1,0,0.65,19694,True,d128_hh61,head
d117,a0,d117_68,middle_class,35,8,1,0,0.7,29196,True,d117_hh140,head
d117,a0,d117_500,middle_class,53,5,1,0,0.7,52285,True,d117_hh140,partner
d24,a3,d24_333,working_class,46,3,0,0,0.65,29117,True,d24_hh156,head
d24,a3,d24_444,rural_worker,39,2,1,0,0.7,27546,True,d24_hh156,partner
d103,a3,d103_86,retired,56,3,1,0,0.3,44479,True,d103_hh137,head
d120,a0,d120_461,retired,64,3,1,0,0.3,8832,True,d120_hh162,head
d120,a0,d120_317,rural_worker,36,1,0,0,0.7,32458,True,d120_hh162,partner
d178,a3,d178_515,middle_class,45,3,0,0,0.7,52265,True,d178_hh143,head
d94,a1,d94_455,working_class,44,0,1,0,0.65,30497,True,d94_hh157,head
d94,a1,d94_455c0,na,8,na,1,0,0,0,True,d94_hh157,child
d94,a1,d94_455c1,na,6,na,1,0,0,0,True,d94_hh157,child
d174,a3,d174_363,working_class,59,1,0,0,0.65,15989,True,d174_hh244,head
d174,a3,d174_64,retired,69,4,0,0,0.3,19553,True,d174_hh244,partner
d147,a3,d147_98,farmer_agricultural,51,2,0,0,0.75,39534,True,d147_hh7,head
d147,a3,d147_327,rural_worker,66,0,1,0,0.7,20883,True,d147_hh7,partner
d16,a3,d16_130,working_class,49,2,0,0,0.65,22004,True,d16_hh248,head
d75,a4,d75_241,retired,69,0,1,0,0.3,38918,True,d75_hh149,head
d129,a1,d129_199,rural_worker,53,2,0,0,0.7,23526,True,d129_hh15,head
d64,a0,d64_399,retired,80,0,0,0,0.3,17698,True,d64_hh22,head
d22,a1,d22_72,rural_worker,45,2,0,0,0.7,19166,True,d22_hh103,head
d22,a1,d22_480,working_class,60,1,0,0,0.65,10419,True,d22_hh103,partner
d209,a1,d209_129,retired,68,1,0,0,0.3,15928,True,d209_hh194,head
d209,a1,d209_286,retired,74,2,1,0,0.3,23555,True,d209_hh194,partner
d86,a1,d86_55,middle_class,54,4,0,0,0.7,24181,True,d86_hh27,head
d18,a0,d18_480,working_class,40,3,1,0,0.65,47341,True,d18_hh90,head
d175,a3,d175_10,retired,62,3,1,0,0.3,21918,True,d175_hh69,head
d175,a3,d175_193,farmer_agricultural,50,2,1,0,0.75,12918,True,d175_hh69,partner
d106,a3,d106_304,rural_worker,47,1,1,0,0.7,15805,True,d106_hh182,head
d80,a0,d80_17,middle_class,30,5,0,0,0.7,40458,True,d80_hh52,head
d80,a0,d80_478,affluent_professional,41,7,0,0,0.6,35287,True,d80_hh52,partner
d106,a3,d106_263,working_class,48,5,1,0,0.65,19415,True,d106_hh11,head
d106,a3,d106_262,working_class,65,3,1,0,0.65,19812,True,d106_hh11,partner
d16,a3,d16_331,rural_worker,58,1,0,0,0.7,7953,True,d16_hh87,head
d16,a3,d16_435,middle_class,43,5,0,0,0.7,43401,True,d16_hh87,partner
d20,a3,d20_248,rural_worker,52,3,1,0,0.7,24350,True,d20_hh207,head
d20,a3,d20_240,working_class,31,2,0,0,0.65,27156,True,d20_hh207,partner
d134,a0,d134_468,retired,65,2,0,0,0.3,14827,True,d134_hh102,head
d134,a0,d134_142,middle_class,62,5,1,0,0.7,22294,True,d134_hh102,partner
d65,a4,d65_25,working_class,38,2,1,0,0.65,35114,True,d65_hh169,head
d65,a4,d65_91,farmer_agricultural,58,1,1,0,0.75,47604,True,d65_hh169,partner
d200,a3,d200_360,middle_class,47,2,1,0,0.7,46739,True,d200_hh61,head
d194,a0,d194_130,low_income,52,0,0,0,0.5,22701,True,d194_hh140,head
d194,a0,d194_20,middle_class,26,2,0,0,0.7,40442,True,d194_hh140,partner
d99,a4,d99_80,farmer_agricultural,41,0,0,0,0.75,27714,True,d99_hh231,head
d99,a4,d99_16,farmer_agricultural,50,0,1,0,0.75,41875,True,d99_hh231,partner
d98,a1,d98_132,middle_class,35,4,0,0,0.7,48054,True,d98_hh128,head
d98,a1,d98_351,rural_worker,58,2,1,0,0.7,20051,True,d98_hh128,partner
d98,a1,d98_132c0,na,12,na,0,0,0,0,True,d98_hh128,child
d102,a2,d102_425,farmer_agricultural,68,2,1,0,0.75,37643,True,d102_hh244,head
d102,a2,d102_258,rural_worker,55,2,0,0,0.7,30260,True,d102_hh244,partner
d133,a3,d133_20,rural_worker,44,2,1,0,0.7,16308,True,d133_hh234,head
d133,a3,d133_263,working_class,40,4,1,0,0.65,29489,True,d133_hh234,partner
d165,a1,d165_60,working_class,34,1,1,0,0.65,27556,True,d165_hh110,head
d165,a1,d165_64,rural_worker,39,2,0,0,0.7,25396,True,d165_hh110,partner
d86,a1,d86_413,student,18,4,1,0,0.05,11107,True,d86_hh160,head
d86,a1,d86_479,working_class,50,0,1,0,0.65,47473,True,d86_hh160,partner
d86,a1,d86_33,middle_class,32,1,1,0,0.7,54393,True,d86_hh160,partner
d86,a1,d86_58,young_professional,24,5,1,0,0.2,48657,True,d86_hh160,partner
d86,a1,d86_89,middle_class,39,3,1,0,0.7,36850,True,d86_hh160,partner
d86,a1,d86_360,middle_class,59,3,1,0,0.7,31779,True,d86_hh160,partner
d74,a0,d74_432,farmer_agricultural,51,0,0,0,0.75,42854,True,d74_hh50,head
d74,a0,d74_410,middle_class,57,3,1,0,0.7,53590,True,d74_hh50,partner
d183,a3,d183_311,retired,75,1,0,0,0.3,24271,True,d183_hh245,head
d183,a3,d183_429,farmer_agricultural,46,1,0,0,0.75,26477,True,d183_hh245,partner
d203,a1,d203_311,affluent_professional,67,5,1,0,0.6,78147,True,d203_hh214,head
d203,a1,d203_359,middle_class,52,2,0,0,0.7,47084,True,d203_hh214,partner
d130,a0,d130_268,rural_worker,56,1,1,0,0.7,11849,True,d130_hh168,head
d130,a0,d130_448,farmer_agricultural,61,3,0,0,0.75,23365,True,d130_hh168,partner
d90,a1,d90_289,retired,69,4,0,0,0.3,29815,True,d90_hh126,head
d90,a1,d90_12,middle_class,56,4,0,0,0.7,47782,True,d90_hh126,partner
d119,a1,d119_72,farmer_agricultural,76,0,1,0,0.75,44698,True,d119_hh89,head
d119,a1,d119_479,middle_class,45,6,0,0,0.7,44341,True,d119_hh89,partner
d66,a4,d66_15,working_class,41,3,1,0,0.65,27914,True,d66_hh181,head
d145,a0,d145_56,middle_class,56,3,0,0,0.7,31778,True,d145_hh52,head
d145,a0,d145_103,middle_class,56,3,1,0,0.7,30039,True,d145_hh52,partner
d186,a1,d186_35,rural_worker,39,1,1,0,0.7,24687,True,d186_hh161,head
d186,a1,d186_229,middle_class,33,4,0,0,0.7,32821,True,d186_hh161,partner
d26,a3,d26_458,farmer_agricultural,71,2,1,0,0.75,24748,True,d26_hh27,head
d26,a3,d26_264,rural_worker,59,2,0,0,0.7,23892,True,d26_hh27,partner
d83,a0,d83_258,retired,88,4,0,0,0.3,11861,True,d83_hh18,head
d214,a0,d214_431,middle_class,57,5,1,0,0.7,27595,True,d214_hh126,head
d214,a0,d214_516,working_class,60,1,0,0,0.65,7638,True,d214_hh126,partner
d139,a0,d139_340,farmer_agricultural,47,2,0,0,0.75,56915,True,d139_hh225,head
d139,a0,d139_224,working_class,44,2,0,0,0.65,27453,True,d139_hh225,partner
d47,a1,d47_218,working_class,46,4,0,0,0.65,27916,True,d47_hh270,head
d101,a0,d101_465,retired,87,2,1,0,0.3,26739,True,d101_hh250,head
d101,a0,d101_449,retired,75,2,0,0,0.3,13857,True,d101_hh250,partner
d124,a3,d124_418,rural_worker,40,1,0,0,0.7,26161,True,d124_hh212,head
d124,a3,d124_77,rural_worker,38,1,0,0,0.7,20714,True,d124_hh212,partner
d146,a3,d146_246,retired,55,2,1,0,0.3,25893,True,d146_hh4,head
d146,a3,d146_178,rural_worker,33,1,0,0,0.7,18773,True,d146_hh4,partner
d143,a1,d143_421,working_class,46,2,0,0,0.65,24099,True,d143_hh106,head
d41,a1,d41_235,retired,70,4,1,0,0.3,14358,True,d41_hh65,head
d136,a1,d136_371,middle_class,47,2,0,0,0.7,34009,True,d136_hh23,head
d207,a1,d207_182,rural_worker,55,1,1,0,0.7,28188,True,d207_hh112,head
d207,a1,d207_251,rural_worker,58,2,0,0,0.7,15819,True,d207_hh112,partner
d72,a0,d72_74,working_class,62,2,0,0,0.65,24425,True,d72_hh86,head
d72,a0,d72_487,retired,64,4,1,0,0.3,51607,True,d72_hh86,partner
d72,a0,d72_468,working_class,63,3,1,0,0.65,30200,True,d72_hh8,head
d72,a0,d72_376,rural_worker,53,1,1,0,0.7,28912,True,d72_hh8,partner
d68,a0,d68_355,low_income,36,1,1,0,0.5,9442,True,d68_hh34,head
d199,a4,d199_159,working_class,50,4,1,0,0.65,30424,True,d199_hh216,head
d199,a4,d199_62,rural_worker,51,1,0,0,0.7,30374,True,d199_hh216,partner
d199,a4,d199_148,working_class,60,0,1,0,0.65,34366,True,d199_hh216,partner
d41,a1,d41_196,farmer_agricultural,50,2,0,0,0.75,4253,True,d41_hh39,head
d161,a1,d161_162,rural_worker,45,0,0,0,0.7,19602,True,d161_hh200,head
d161,a1,d161_252,rural_worker,39,2,1,0,0.7,24016,True,d161_hh200,partner
d161,a1,d161_162c0,na,0,na,0,0,0,0,True,d161_hh200,child
d12,a0,d12_197,retired,81,1,0,0,0.3,29942,True,d12_hh222,head
d12,a0,d12_330,farmer_agricultural,33,1,0,0,0.75,23370,True,d12_hh222,partner
d157,a0,d157_410,working_class,41,4,0,0,0.65,14364,True,d157_hh106,head
d157,a0,d157_333,retired,65,4,0,0,0.3,24117,True,d157_hh106,partner
d180,a4,d180_357,retired,73,1,0,0,0.3,20574,True,d180_hh261,head
d180,a4,d180_318,middle_class,35,8,0,0,0.7,22987,True,d180_hh261,partner
d208,a3,d208_203,rural_worker,50,3,0,0,0.7,19674,True,d208_hh124,head
d211,a1,d211_176,low_income,51,0,0,0,0.5,23795,True,d211_hh45,head
d211,a1,d211_247,working_class,39,2,1,0,0.65,18986,True,d211_hh45,partner
d211,a1,d211_176c0,na,13,na,1,0,0,0,True,d211_hh45,child
d211,a1,d211_176c1,na,16,na,1,0,0,0,True,d211_hh45,child
d9,a3,d9_17,working_class,44,1,1,0,0.65,44263,True,d9_hh164,head
d48,a0,d48_418,rural_worker,33,1,1,0,0.7,31851,True,d48_hh211,head
d95,a0,d95_432,affluent_professional,40,7,1,0,0.6,62368,True,d95_hh196,head
d95,a0,d95_135,working_class,51,1,1,0,0.65,38065,True,d95_hh196,partner
d45,a3,d45_227,working_class,55,2,0,0,0.65,25711,True,d45_hh119,head
d45,a3,d45_304,working_class,49,1,1,0,0.65,36981,True,d45_hh119,partner
d126,a4,d126_199,rural_worker,47,1,1,0,0.7,24461,True,d126_hh263,head
d9,a3,d9_34,middle_class,51,5,1,0,0.7,52855,True,d9_hh259,head
d9,a3,d9_448,retired,82,3,0,0,0.3,-6279,True,d9_hh259,partner
d78,a3,d78_216,retired,77,1,1,0,0.3,14057,True,d78_hh191,head
d78,a3,d78_146,rural_worker,51,2,0,0,0.7,24363,True,d78_hh191,partner
d43,a0,d43_333,farmer_agricultural,65,2,1,0,0.75,25449,True,d43_hh158,head
d43,a0,d43_445,middle_class,56,4,1,0,0.7,41197,True,d43_hh158,partner
d180,a4,d180_231,rural_worker,46,1,1,0,0.7,12135,True,d180_hh57,head
d180,a4,d180_77,retired,58,5,1,0,0.3,29242,True,d180_hh57,partner
d195,a1,d195_184,middle_class,36,1,0,0,0.7,39252,True,d195_hh107,head
d195,a1,d195_445,farmer_agricultural,61,1,1,0,0.75,55952,True,d195_hh107,partner
d80,a0,d80_275,working_class,62,1,0,0,0.65,5407,True,d80_hh235,head
d80,a0,d80_279,farmer_agricultural,59,1,1,0,0.75,22477,True,d80_hh235,partner
d107,a0,d107_514,working_class,47,2,0,0,0.65,35019,True,d107_hh78,head
d107,a0,d107_284,affluent_professional,41,7,1,0,0.6,44549,True,d107_hh78,partner
d210,a0,d210_403,farmer_agricultural,48,1,0,0,0.75,62261,True,d210_hh7,head
d210,a0,d210_449,working_class,53,2,1,0,0.65,26317,True,d210_hh7,partner
d35,a0,d35_85,farmer_agricultural,50,2,0,0,0.75,18714,True,d35_hh181,head
d35,a0,d35_174,working_class,60,4,0,0,0.65,27234,True,d35_hh181,partner
d50,a3,d50_414,working_class,37,2,0,0,0.65,38406,True,d50_hh254,head
d107,a0,d107_464,rural_worker,45,0,0,0,0.7,31652,True,d107_hh112,head
d107,a0,d107_116,affluent_professional,42,7,1,0,0.6,51338,True,d107_hh112,partner
d211,a1,d211_109,working_class,58,2,0,0,0.65,27833,True,d211_hh27,head
d211,a1,d211_277,middle_class,30,2,1,0,0.7,34391,True,d211_hh27,partner
d211,a1,d211_158,middle_class,53,3,1,0,0.7,33367,True,d211_hh165,head
d211,a1,d211_193,middle_class,47,5,1,0,0.7,12449,True,d211_hh165,partner
d112,a0,d112_444,farmer_agricultural,56,3,1,0,0.75,22285,True,d112_hh213,head
d112,a0,d112_359,middle_class,29,1,0,0,0.7,66611,True,d112_hh213,partner
d93,a1,d93_305,retired,68,3,0,0,0.3,11370,True,d93_hh94,head
d66,a4,d66_179,rural_worker,43,1,0,0,0.7,33345,True,d66_hh174,head
d66,a4,d66_361,farmer_agricultural,52,2,0,0,0.75,33551,True,d66_hh174,partner
d176,a1,d176_89,low_income,39,2,1,0,0.5,9647,True,d176_hh185,head
d176,a1,d176_103,middle_class,60,5,1,0,0.7,16910,True,d176_hh185,partner
d215,a3,d215_320,farmer_agricultural,38,3,0,0,0.75,36481,True,d215_hh121,head
d215,a3,d215_306,rural_worker,38,1,0,0,0.7,21306,True,d215_hh121,partner
d125,a1,d125_50,retired,71,1,0,0,0.3,28046,True,d125_hh117,head
d54,a0,d54_103,retired,64,1,1,0,0.3,19023,True,d54_hh200,head
d204,a3,d204_312,rural_worker,28,2,0,0,0.7,11038,True,d204_hh97,head
d100,a3,d100_468,rural_worker,62,2,1,0,0.7,17530,True,d100_hh181,head
d100,a3,d100_328,retired,64,1,1,0,0.3,29477,True,d100_hh181,partner
d50,a3,d50_280,farmer_agricultural,48,2,0,0,0.75,22387,True,d50_hh114,head
d50,a3,d50_190,rural_worker,51,0,1,0,0.7,24950,True,d50_hh114,partner
d50,a3,d50_280c0,na,5,na,1,0,0,0,True,d50_hh114,child
d173,a4,d173_404,rural_worker,44,2,1,0,0.7,27558,True,d173_hh38,head
d173,a4,d173_109,middle_class,52,3,1,0,0.7,64386,True,d173_hh38,partner
d183,a3,d183_12,rural_worker,45,2,1,0,0.7,14611,True,d183_hh224,head
d183,a3,d183_469,retired,64,3,1,0,0.3,26382,True,d183_hh224,partner
d163,a1,d163_353,farmer_agricultural,55,0,1,0,0.75,20593,True,d163_hh29,head
d163,a1,d163_255,working_class,39,2,0,0,0.65,21830,True,d163_hh29,partner
d163,a1,d163_290,retired,74,3,0,0,0.3,22199,True,d163_hh29,partner
d118,a0,d118_319,farmer_agricultural,26,0,1,0,0.75,49745,True,d118_hh153,head
d118,a0,d118_307,working_class,45,2,0,0,0.65,25820,True,d118_hh153,partner
d118,a0,d118_319c0,na,12,na,0,0,0,0,True,d118_hh153,child
d123,a1,d123_212,retired,76,2,0,0,0.3,15414,True,d123_hh50,head
d190,a3,d190_365,working_class,54,3,0,0,0.65,30428,True,d190_hh92,head
d190,a3,d190_237,working_class,49,2,1,0,0.65,30990,True,d190_hh92,partner
d207,a1,d207_31,working_class,65,2,0,0,0.65,18433,True,d207_hh240,head
d207,a1,d207_425,affluent_professional,48,6,1,0,0.6,53912,True,d207_hh240,partner
d59,a0,d59_492,middle_class,53,4,1,0,0.7,40664,True,d59_hh178,head
d59,a0,d59_332,working_class,56,2,1,0,0.65,19391,True,d59_hh178,partner
d13,a2,d13_384,working_class,27,1,1,0,0.65,33806,True,d13_hh224,head
d13,a2,d13_357,farmer_agricultural,46,1,0,0,0.75,24100,True,d13_hh224,partner
d65,a4,d65_214,middle_class,39,7,1,0,0.7,40192,True,d65_hh202,head
d198,a1,d198_259,farmer_agricultural,45,1,0,0,0.75,-1255,True,d198_hh204,head
d198,a1,d198_425,rural_worker,41,2,1,0,0.7,22291,True,d198_hh204,partner
d198,a1,d198_257,retired,80,1,0,0,0.3,6913,True,d198_hh204,partner
d198,a1,d198_35,retired,72,0,1,0,0.3,29401,True,d198_hh204,partner
d198,a1,d198_150,farmer_agricultural,62,3,1,0,0.75,19746,True,d198_hh204,partner
d197,a4,d197_44,retired,66,2,0,0,0.3,-4058,True,d197_hh223,head
d53,a3,d53_435,retired,82,3,1,0,0.3,22887,True,d53_hh121,head
d53,a3,d53_308,middle_class,42,4,0,0,0.7,52919,True,d53_hh121,partner
d155,a3,d155_55,working_class,47,0,1,0,0.65,33099,True,d155_hh141,head
d155,a3,d155_149,middle_class,58,3,0,0,0.7,76354,True,d155_hh141,partner
d125,a1,d125_137,affluent_professional,45,7,1,0,0.6,66945,True,d125_hh177,head
d125,a1,d125_299,farmer_agricultural,54,0,1,0,0.75,14748,True,d125_hh177,partner
d205,a0,d205_148,rural_worker,41,2,0,0,0.7,28455,True,d205_hh70,head
d173,a4,d173_50,working_class,48,2,1,0,0.65,39492,True,d173_hh37,head
d185,a1,d185_383,retired,53,3,0,0,0.3,25299,True,d185_hh137,head
d144,a1,d144_137,retired,65,3,1,0,0.3,19443,True,d144_hh97,head
d144,a1,d144_154,rural_worker,40,1,0,0,0.7,18756,True,d144_hh97,partner
d19,a0,d19_174,farmer_agricultural,60,3,0,0,0.75,19117,True,d19_hh39,head
d19,a0,d19_176,retired,63,4,1,0,0.3,21798,True,d19_hh39,partner
d80,a0,d80_112,rural_worker,54,0,1,0,0.7,24218,True,d80_hh1,head
d80,a0,d80_276,rural_worker,48,3,0,0,0.7,15013,True,d80_hh1,partner
d34,a1,d34_147,retired,75,4,1,0,0.3,49567,True,d34_hh7,head
d25,a0,d25_185,affluent_professional,50,9,0,0,0.6,80478,True,d25_hh77,head
d25,a0,d25_148,young_professional,28,6,1,0,0.2,25758,True,d25_hh77,partner
d60,a1,d60_66,working_class,39,3,1,0,0.65,30207,True,d60_hh172,head
d60,a1,d60_301,rural_worker,45,1,0,0,0.7,28973,True,d60_hh172,partner
d136,a1,d136_313,low_income,26,1,0,0,0.5,21703,True,d136_hh180,head
d136,a1,d136_313c0,na,7,na,1,0,0,0,True,d136_hh180,child
d136,a1,d136_313c1,na,8,na,1,0,0,0,True,d136_hh180,child
d136,a1,d136_313c2,na,5,na,0,0,0,0,True,d136_hh180,child
d119,a1,d119_461,retired,69,0,1,0,0.3,18993,True,d119_hh82,head
d119,a1,d119_112,retired,65,0,0,0,0.3,32762,True,d119_hh82,partner
d69,a3,d69_60,affluent_professional,43,6,0,0,0.6,88741,True,d69_hh121,head
d69,a3,d69_332,retired,69,3,0,0,0.3,18465,True,d69_hh121,partner
d69,a3,d69_66,farmer_agricultural,77,0,1,0,0.75,46095,True,d69_hh121,partner
d69,a3,d69_391,rural_worker,74,0,0,0,0.7,19628,True,d69_hh121,partner
d69,a3,d69_188,rural_worker,65,0,0,0,0.7,23193,True,d69_hh121,partner
d11,a3,d11_140,farmer_agricultural,72,3,0,0,0.75,20824,True,d11_hh227,head
d11,a3,d11_438,farmer_agricultural,58,1,0,0,0.75,10577,True,d11_hh227,partner
d157,a0,d157_22,affluent_professional,33,8,1,0,0.6,67573,True,d157_hh235,head
d157,a0,d157_279,rural_worker,37,0,0,0,0.7,16256,True,d157_hh235,partner
d60,a1,d60_406,working_class,33,2,1,0,0.65,40336,True,d60_hh4,head
d60,a1,d60_179,working_class,63,2,0,0,0.65,27982,True,d60_hh4,partner
d107,a0,d107_265,retired,66,0,1,0,0.3,13371,True,d107_hh132,head
d109,a0,d109_393,middle_class,59,6,1,0,0.7,43641,True,d109_hh243,head
d109,a0,d109_4,retired,66,0,1,0,0.3,25342,True,d109_hh243,partner
d165,a1,d165_409,working_class,38,0,1,0,0.65,19082,True,d165_hh255,head
d165,a1,d165_31,working_class,25,1,0,0,0.65,20801,True,d165_hh255,partner
d204,a3,d204_100,working_class,43,3,1,0,0.65,27618,True,d204_hh3,head
d204,a3,d204_270,farmer_agricultural,40,2,0,0,0.75,43395,True,d204_hh3,partner
d89,a1,d89_502,middle_class,39,5,0,0,0.7,29983,True,d89_hh249,head
d89,a1,d89_69,middle_class,44,3,0,0,0.7,44762,True,d89_hh249,partner
d113,a0,d113_245,working_class,33,4,1,0,0.65,38913,True,d113_hh84,head
d113,a0,d113_13,rural_worker,27,1,0,0,0.7,25855,True,d113_hh84,partner
d161,a1,d161_158,retired,73,3,1,0,0.3,23681,True,d161_hh255,head
d161,a1,d161_405,working_class,49,3,0,0,0.65,20556,True,d161_hh255,partner
d23,a3,d23_219,working_class,45,3,1,0,0.65,23614,True,d23_hh191,head
d6,a0,d6_431,rural_worker,41,1,0,0,0.7,14007,True,d6_hh225,head
d6,a0,d6_234,middle_class,39,6,1,0,0.7,45450,True,d6_hh225,partner
d190,a3,d190_322,farmer_agricultural,60,0,0,0,0.75,26301,True,d190_hh22,head
d190,a3,d190_229,farmer_agricultural,54,2,1,0,0.75,47527,True,d190_hh22,partner
d40,a3,d40_23,farmer_agricultural,55,1,1,0,0.75,38392,True,d40_hh154,head
d40,a3,d40_369,affluent_professional,62,5,0,0,0.6,65211,True,d40_hh154,partner
d143,a1,d143_346,working_class,66,2,0,0,0.65,41770,True,d143_hh11,head
d143,a1,d143_161,farmer_agricultural,54,2,1,0,0.75,46011,True,d143_hh11,partner
d74,a0,d74_298,retired,64,1,0,0,0.3,38917,True,d74_hh250,head
d74,a0,d74_430,rural_worker,46,1,0,0,0.7,25113,True,d74_hh250,partner
d48,a0,d48_366,working_class,33,3,0,0,0.65,32241,True,d48_hh93,head
d48,a0,d48_118,farmer_agricultural,55,2,1,0,0.75,17391,True,d48_hh93,partner
d48,a0,d48_366c0,na,0,na,1,0,0,0,True,d48_hh93,child
d68,a0,d68_387,middle_class,48,5,1,0,0.7,55153,True,d68_hh70,head
d68,a0,d68_476,middle_class,39,3,1,0,0.7,33227,True,d68_hh70,partner
d193,a0,d193_397,rural_worker,50,0,1,0,0.7,28004,True,d193_hh213,head
d193,a0,d193_389,working_class,49,1,0,0,0.65,20140,True,d193_hh213,partner
d77,a3,d77_389,working_class,46,1,1,0,0.65,32068,True,d77_hh254,head
d77,a3,d77_254,affluent_professional,40,4,1,0,0.6,74755,True,d77_hh254,partner
d30,a4,d30_345,retired,72,0,0,0,0.3,34022,True,d30_hh69,head
d30,a4,d30_360,retired,57,3,0,0,0.3,3534,True,d30_hh69,partner
d196,a1,d196_424,retired,74,0,0,0,0.3,40633,True,d196_hh286,head
d196,a1,d196_127,affluent_professional,32,4,1,0,0.6,9289,True,d196_hh286,partner
d137,a1,d137_77,rural_worker,63,2,0,0,0.7,25219,True,d137_hh186,head
d86,a1,d86_30,working_class,50,4,0,0,0.65,25987,True,d86_hh269,head
d86,a1,d86_60,retired,70,2,1,0,0.3,36342,True,d86_hh269,partner
d94,a1,d94_225,working_class,48,2,1,0,0.65,22630,True,d94_hh179,head
d8,a0,d8_8,young_professional,30,5,0,0,0.2,24954,True,d8_hh247,head
d8,a0,d8_103,working_class,63,4,0,0,0.65,18327,True,d8_hh247,partner
d92,a1,d92_440,rural_worker,43,2,1,0,0.7,27660,True,d92_hh143,head
d92,a1,d92_404,working_class,43,2,0,0,0.65,24016,True,d92_hh143,partner
d103,a3,d103_172,middle_class,37,4,1,0,0.7,42320,True,d103_hh225,head
d103,a3,d103_83,working_class,45,4,0,0,0.65,20263,True,d103_hh225,partner
d5,a1,d5_232,rural_worker,36,2,0,0,0.7,20566,True,d5_hh75,head
d5,a1,d5_212,rural_worker,26,2,1,0,0.7,22375,True,d5_hh75,partner
d62,a0,d62_476,farmer_agricultural,44,3,0,0,0.75,32081,True,d62_hh216,head
d62,a0,d62_403,farmer_agricultural,53,1,1,0,0.75,36907,True,d62_hh216,partner
d22,a1,d22_45,middle_class,61,7,0,0,0.7,28775,True,d22_hh190,head
d22,a1,d22_437,retired,63,3,1,0,0.3,11572,True,d22_hh190,partner
d206,a1,d206_192,working_class,49,5,1,0,0.65,8099,True,d206_hh260,head
d206,a1,d206_126,working_class,52,1,1,0,0.65,22566,True,d206_hh260,partner
d55,a3,d55_142,rural_worker,42,2,0,0,0.7,25090,True,d55_hh153,head
d55,a3,d55_193,working_class,59,5,0,0,0.65,31155,True,d55_hh153,partner
d120,a0,d120_228,retired,63,3,0,0,0.3,33520,True,d120_hh259,head
d120,a0,d120_482,rural_worker,34,2,0,0,0.7,18850,True,d120_hh259,partner
d112,a0,d112_390,rural_worker,56,1,1,0,0.7,17245,True,d112_hh174,head
d112,a0,d112_319,middle_class,32,5,1,0,0.7,48616,True,d112_hh174,partner
d119,a1,d119_423,working_class,61,1,1,0,0.65,14516,True,d119_hh78,head
d119,a1,d119_27,retired,58,2,0,0,0.3,34634,True,d119_hh78,partner
d104,a1,d104_157,farmer_agricultural,51,2,0,0,0.75,27352,True,d104_hh186,head
d104,a1,d104_146,working_class,53,0,0,0,0.65,31606,True,d104_hh186,partner
d20,a3,d20_427,retired,86,0,0,0,0.3,12499,True,d20_hh59,head
d183,a3,d183_461,working_class,48,0,0,0,0.65,38051,True,d183_hh214,head
d183,a3,d183_44,retired,66,2,1,0,0.3,29008,True,d183_hh214,partner
d58,a4,d58_317,working_class,61,1,1,0,0.65,26836,True,d58_hh52,head
d58,a4,d58_109,working_class,54,1,1,0,0.65,16467,True,d58_hh52,partner
d51,a3,d51_435,farmer_agricultural,60,0,0,0,0.75,49591,True,d51_hh239,head
d51,a3,d51_33,rural_worker,46,1,1,0,0.7,26111,True,d51_hh239,partner
d168,a1,d168_187,rural_worker,41,0,1,0,0.7,24214,True,d168_hh75,head
d168,a1,d168_195,working_class,54,2,1,0,0.65,22271,True,d168_hh75,partner
d41,a1,d41_111,retired,83,0,0,0,0.3,24113,True,d41_hh51,head
d41,a1,d41_351,retired,68,4,1,0,0.3,33098,True,d41_hh51,partner
d188,a0,d188_12,affluent_professional,44,9,1,0,0.6,47477,True,d188_hh150,head
d188,a0,d188_100,middle_class,30,3,0,0,0.7,19562,True,d188_hh150,partner
d56,a3,d56_423,rural_worker,48,1,0,0,0.7,22813,True,d56_hh81,head
d56,a3,d56_202,farmer_agricultural,45,-2,0,0,0.75,22126,True,d56_hh81,partner
d62,a0,d62_365,rural_worker,31,3,1,0,0.7,23962,True,d62_hh232,head
d62,a0,d62_260,working_class,50,2,0,0,0.65,20154,True,d62_hh232,partner
d80,a0,d80_296,working_class,44,3,0,0,0.65,14462,True,d80_hh99,head
d80,a0,d80_362,farmer_agricultural,85,3,0,0,0.75,61659,True,d80_hh99,partner
d105,a1,d105_116,middle_class,46,6,1,0,0.7,44558,True,d105_hh197,head
d105,a1,d105_251,affluent_professional,42,5,0,0,0.6,48727,True,d105_hh197,partner
d105,a1,d105_116c0,na,4,na,0,0,0,0,True,d105_hh197,child
d105,a1,d105_116c1,na,6,na,0,0,0,0,True,d105_hh197,child
d105,a1,d105_116c2,na,5,na,1,0,0,0,True,d105_hh197,child
d87,a4,d87_129,farmer_agricultural,49,1,1,0,0.75,57381,True,d87_hh215,head
d87,a4,d87_299,farmer_agricultural,63,2,1,0,0.75,25128,True,d87_hh215,partner
d43,a0,d43_213,farmer_agricultural,64,0,1,0,0.75,25479,True,d43_hh91,head
d43,a0,d43_66,retired,71,4,1,0,0.3,19217,True,d43_hh91,partner
d190,a3,d190_135,farmer_agricultural,19,2,0,0,0.75,32738,True,d190_hh123,head
d190,a3,d190_0,affluent_professional,32,4,0,0,0.6,71142,True,d190_hh123,partner
d84,a1,d84_444,rural_worker,35,2,1,0,0.7,31241,True,d84_hh269,head
d84,a1,d84_359,affluent_professional,29,5,1,0,0.6,58483,True,d84_hh269,partner
d132,a0,d132_58,retired,75,1,0,0,0.3,13467,True,d132_hh104,head
d132,a0,d132_39,working_class,40,4,1,0,0.65,21460,True,d132_hh104,partner
d144,a1,d144_184,retired,70,1,1,0,0.3,25676,True,d144_hh142,head
d70,a0,d70_68,middle_class,27,5,0,0,0.7,42207,True,d70_hh78,head
d70,a0,d70_233,student,25,1,1,0,0.05,2098,True,d70_hh78,partner
d70,a0,d70_68c0,na,8,na,1,0,0,0,True,d70_hh78,child
d70,a0,d70_68c1,na,15,na,1,0,0,0,True,d70_hh78,child
d47,a1,d47_385,retired,46,1,0,0,0.3,31352,True,d47_hh174,head
d47,a1,d47_501,retired,75,1,0,0,0.3,18562,True,d47_hh174,partner
d168,a1,d168_458,farmer_agricultural,58,1,0,0,0.75,15806,True,d168_hh46,head
d168,a1,d168_121,working_class,45,2,1,0,0.65,30684,True,d168_hh46,partner
d60,a1,d60_359,working_class,40,1,1,0,0.65,25020,True,d60_hh76,head
d60,a1,d60_95,working_class,37,3,0,0,0.65,28401,True,d60_hh76,partner
d90,a1,d90_371,farmer_agricultural,47,1,0,0,0.75,7077,True,d90_hh104,head
d90,a1,d90_344,rural_worker,25,2,0,0,0.7,18170,True,d90_hh104,partner
d171,a3,d171_437,working_class,44,3,1,0,0.65,27413,True,d171_hh177,head
d171,a3,d171_341,retired,66,3,0,0,0.3,22505,True,d171_hh177,partner
d206,a1,d206_476,rural_worker,63,1,0,0,0.7,23865,True,d206_hh121,head
d174,a3,d174_431,farmer_agricultural,38,2,1,0,0.75,23214,True,d174_hh130,head
d174,a3,d174_233,farmer_agricultural,56,0,0,0,0.75,-4779,True,d174_hh130,partner
d49,a3,d49_161,middle_class,40,5,0,0,0.7,39818,True,d49_hh21,head
d49,a3,d49_9,rural_worker,57,1,1,0,0.7,19120,True,d49_hh21,partner
d211,a1,d211_171,retired,57,1,1,0,0.3,8288,True,d211_hh146,head
d117,a0,d117_154,farmer_agricultural,37,2,0,0,0.75,24611,True,d117_hh120,head
d117,a0,d117_197,rural_worker,53,1,1,0,0.7,27375,True,d117_hh120,partner
d122,a1,d122_334,retired,72,2,0,0,0.3,25631,True,d122_hh126,head
d161,a1,d161_231,farmer_agricultural,61,1,0,0,0.75,12798,True,d161_hh273,head
d161,a1,d161_497,farmer_agricultural,52,0,0,0,0.75,23544,True,d161_hh273,partner
d73,a0,d73_217,working_class,51,0,0,0,0.65,18309,True,d73_hh187,head
d73,a0,d73_184,farmer_agricultural,44,3,1,0,0.75,8030,True,d73_hh187,partner
d134,a0,d134_52,farmer_agricultural,36,3,0,0,0.75,42454,True,d134_hh257,head
d134,a0,d134_396,rural_worker,47,1,1,0,0.7,22016,True,d134_hh257,partner
d29,a1,d29_100,rural_worker,31,2,0,0,0.7,25700,True,d29_hh91,head
d61,a0,d61_357,retired,69,3,0,0,0.3,14559,True,d61_hh24,head
d112,a0,d112_7,retired,79,1,1,0,0.3,17113,True,d112_hh79,head
d61,a0,d61_9,middle_class,50,6,0,0,0.7,27368,True,d61_hh177,head
d61,a0,d61_263,working_class,28,2,1,0,0.65,30254,True,d61_hh177,partner
d61,a0,d61_9c0,na,8,na,1,0,0,0,True,d61_hh177,child
d151,a3,d151_354,middle_class,38,3,1,0,0.7,38896,True,d151_hh275,head
d151,a3,d151_192,rural_worker,47,0,0,0,0.7,22972,True,d151_hh275,partner
d151,a3,d151_286,affluent_professional,58,6,1,0,0.6,57332,True,d151_hh158,head
d151,a3,d151_151,rural_worker,50,0,0,0,0.7,23373,True,d151_hh158,partner
d53,a3,d53_316,working_class,54,0,1,0,0.65,17300,True,d53_hh273,head
d53,a3,d53_285,working_class,44,0,0,0,0.65,19650,True,d53_hh273,partner
d106,a3,d106_221,farmer_agricultural,83,2,0,0,0.75,24160,True,d106_hh29,head
d106,a3,d106_321,rural_worker,39,1,1,0,0.7,24891,True,d106_hh29,partner
d11,a3,d11_162,rural_worker,48,3,1,0,0.7,25457,True,d11_hh237,head
d11,a3,d11_423,middle_class,49,6,0,0,0.7,30059,True,d11_hh237,partner
d77,a3,d77_397,middle_class,32,5,0,0,0.7,40280,True,d77_hh144,head
d77,a3,d77_450,rural_worker,32,2,0,0,0.7,16635,True,d77_hh144,partner
d140,a0,d140_510,retired,79,0,1,0,0.3,17567,True,d140_hh68,head
d187,a0,d187_201,retired,75,2,0,0,0.3,14279,True,d187_hh131,head
d86,a1,d86_491,affluent_professional,40,4,0,0,0.6,59008,True,d86_hh193,head
d86,a1,d86_14,middle_class,49,3,1,0,0.7,40067,True,d86_hh193,partner
d104,a1,d104_218,farmer_agricultural,63,1,0,0,0.75,15069,True,d104_hh72,head
d104,a1,d104_316,farmer_agricultural,33,2,0,0,0.75,30324,True,d104_hh72,partner
d122,a1,d122_119,rural_worker,37,0,1,0,0.7,17657,True,d122_hh95,head
d208,a3,d208_154,farmer_agricultural,67,4,1,0,0.75,27175,True,d208_hh119,head
d208,a3,d208_52,working_class,34,2,0,0,0.65,32548,True,d208_hh119,partner
d198,a1,d198_25,farmer_agricultural,51,3,1,0,0.75,38208,True,d198_hh167,head
d198,a1,d198_331,rural_worker,21,2,1,0,0.7,18200,True,d198_hh167,partner
d198,a1,d198_25c0,na,6,na,1,0,0,0,True,d198_hh167,child
d198,a1,d198_25c1,na,10,na,1,0,0,0,True,d198_hh167,child
d191,a4,d191_155,working_class,63,0,1,0,0.65,18075,True,d191_hh292,head
d191,a4,d191_396,farmer_agricultural,32,2,0,0,0.75,31285,True,d191_hh292,partner
d58,a4,d58_183,farmer_agricultural,63,0,0,0,0.75,27759,True,d58_hh27,head
d103,a3,d103_54,middle_class,47,4,0,0,0.7,42019,True,d103_hh94,head
d103,a3,d103_335,rural_worker,36,3,0,0,0.7,25538,True,d103_hh94,partner
d175,a3,d175_366,farmer_agricultural,43,1,1,0,0.75,42049,True,d175_hh192,head
d175,a3,d175_185,retired,71,3,0,0,0.3,15412,True,d175_hh192,partner
d198,a1,d198_498,working_class,41,3,0,0,0.65,24913,True,d198_hh269,head
d79,a1,d79_296,retired,65,4,0,0,0.3,23766,True,d79_hh179,head
d129,a1,d129_417,retired,68,2,0,0,0.3,10536,True,d129_hh177,head
d129,a1,d129_94,retired,70,0,1,0,0.3,27983,True,d129_hh177,partner
d104,a1,d104_406,rural_worker,34,0,1,0,0.7,33589,True,d104_hh267,head
d104,a1,d104_152,retired,71,2,0,0,0.3,23938,True,d104_hh267,partner
d193,a0,d193_250,working_class,69,0,1,0,0.65,13342,True,d193_hh182,head
d193,a0,d193_222,rural_worker,55,2,0,0,0.7,20260,True,d193_hh182,partner
d30,a4,d30_479,rural_worker,60,1,1,0,0.7,27236,True,d30_hh67,head
d30,a4,d30_31,farmer_agricultural,40,1,1,0,0.75,36982,True,d30_hh67,partner
d147,a3,d147_380,affluent_professional,47,6,0,0,0.6,67935,True,d147_hh49,head
d147,a3,d147_213,working_class,58,5,1,0,0.65,23781,True,d147_hh49,partner
d163,a1,d163_368,working_class,25,4,1,0,0.65,21693,True,d163_hh256,head
d163,a1,d163_196,working_class,44,1,0,0,0.65,30021,True,d163_hh256,partner
d163,a1,d163_368c0,na,3,na,1,0,0,0,True,d163_hh256,child
d89,a1,d89_442,student,26,2,0,0,0.05,485,True,d89_hh195,head
d120,a0,d120_293,retired,81,4,1,0,0.3,33805,True,d120_hh242,head
d120,a0,d120_467,farmer_agricultural,59,3,1,0,0.75,19166,True,d120_hh242,partner
d32,a3,d32_271,working_class,51,1,1,0,0.65,27495,True,d32_hh231,head
d6,a0,d6_437,middle_class,49,5,1,0,0.7,46551,True,d6_hh101,head
d43,a0,d43_331,rural_worker,60,1,1,0,0.7,20450,True,d43_hh136,head
d43,a0,d43_120,rural_worker,42,1,1,0,0.7,17584,True,d43_hh136,partner
d138,a4,d138_160,rural_worker,37,2,1,0,0.7,14640,True,d138_hh122,head
d138,a4,d138_198,working_class,43,3,0,0,0.65,40685,True,d138_hh122,partner
d214,a0,d214_116,rural_worker,59,1,0,0,0.7,18421,True,d214_hh283,head
d214,a0,d214_175,farmer_agricultural,52,1,0,0,0.75,2514,True,d214_hh283,partner
d140,a0,d140_409,rural_worker,30,2,0,0,0.7,16951,True,d140_hh78,head
d140,a0,d140_275,rural_worker,35,2,0,0,0.7,34635,True,d140_hh78,partner
d72,a0,d72_459,farmer_agricultural,63,2,0,0,0.75,30622,True,d72_hh225,head
d72,a0,d72_240,retired,68,3,0,0,0.3,27850,True,d72_hh225,partner
d72,a0,d72_168,retired,80,4,1,0,0.3,10855,True,d72_hh225,partner
d9,a3,d9_30,rural_worker,53,1,1,0,0.7,21911,True,d9_hh228,head
d9,a3,d9_476,affluent_professional,37,6,0,0,0.6,78191,True,d9_hh228,partner
d87,a4,d87_0,working_class,50,1,1,0,0.65,29735,True,d87_hh187,head
d87,a4,d87_17,retired,84,5,1,0,0.3,13206,True,d87_hh187,partner
d173,a4,d173_420,rural_worker,39,2,1,0,0.7,18534,True,d173_hh257,head
d173,a4,d173_353,working_class,57,0,0,0,0.65,22795,True,d173_hh257,partner
d15,a0,d15_421,working_class,50,2,1,0,0.65,44911,True,d15_hh212,head
d15,a0,d15_447,farmer_agricultural,52,0,1,0,0.75,-1565,True,d15_hh212,partner
d5,a1,d5_47,working_class,53,2,0,0,0.65,37337,True,d5_hh170,head
d106,a3,d106_71,farmer_agricultural,56,1,0,0,0.75,23813,True,d106_hh108,head
d106,a3,d106_121,retired,62,2,0,0,0.3,1946,True,d106_hh108,partner
d166,a4,d166_63,working_class,56,1,1,0,0.65,31508,True,d166_hh106,head
d39,a3,d39_22,retired,95,3,0,0,0.3,24645,True,d39_hh53,head
d39,a3,d39_238,middle_class,48,2,1,0,0.7,45618,True,d39_hh53,partner
d144,a1,d144_302,middle_class,29,3,0,0,0.7,28244,True,d144_hh169,head
d195,a1,d195_398,rural_worker,55,1,1,0,0.7,9062,True,d195_hh197,head
d195,a1,d195_197,farmer_agricultural,54,0,1,0,0.75,7197,True,d195_hh197,partner
d195,a1,d195_91,retired,72,2,0,0,0.3,-3021,True,d195_hh197,partner
d195,a1,d195_459,retired,76,3,1,0,0.3,12489,True,d195_hh197,partner
d195,a1,d195_249,retired,76,3,0,0,0.3,6061,True,d195_hh197,partner
d105,a1,d105_224,affluent_professional,46,7,1,0,0.6,44375,True,d105_hh92,head
d105,a1,d105_70,middle_class,36,1,1,0,0.7,43730,True,d105_hh92,partner
d67,a4,d67_103,farmer_agricultural,55,1,1,0,0.75,28829,True,d67_hh157,head
d67,a4,d67_372,working_class,42,3,1,0,0.65,35858,True,d67_hh157,partner
d97,a3,d97_349,rural_worker,57,0,1,0,0.7,30369,True,d97_hh219,head
d97,a3,d97_12,rural_worker,32,3,1,0,0.7,30221,True,d97_hh219,partner
d2,a3,d2_123,working_class,38,0,0,0,0.65,25603,True,d2_hh151,head
d79,a1,d79_159,middle_class,41,3,0,0,0.7,32839,True,d79_hh88,head
d79,a1,d79_347,working_class,36,1,1,0,0.65,11646,True,d79_hh88,partner
d27,a3,d27_421,working_class,37,3,1,0,0.65,22304,True,d27_hh195,head
d27,a3,d27_299,middle_class,56,4,0,0,0.7,45481,True,d27_hh195,partner
d203,a1,d203_86,young_professional,32,4,0,0,0.2,35116,True,d203_hh188,head
d137,a1,d137_122,farmer_agricultural,66,1,1,0,0.75,28118,True,d137_hh6,head
d137,a1,d137_258,farmer_agricultural,50,2,0,0,0.75,40477,True,d137_hh6,partner
d84,a1,d84_82,middle_class,40,4,1,0,0.7,24244,True,d84_hh133,head
d84,a1,d84_440,middle_class,44,4,0,0,0.7,64066,True,d84_hh133,partner
d84,a1,d84_82c0,na,14,na,0,0,0,0,True,d84_hh133,child
d195,a1,d195_118,retired,59,1,0,0,0.3,18771,True,d195_hh161,head
d185,a1,d185_200,working_class,49,0,1,0,0.65,35335,True,d185_hh9,head
d185,a1,d185_17,working_class,58,2,1,0,0.65,7510,True,d185_hh9,partner
d136,a1,d136_184,affluent_professional,35,7,0,0,0.6,29458,True,d136_hh250,head
d9,a3,d9_103,middle_class,41,3,0,0,0.7,45481,True,d9_hh100,head
d9,a3,d9_445,working_class,44,4,0,0,0.65,19532,True,d9_hh100,partner
d19,a0,d19_194,rural_worker,34,1,1,0,0.7,21323,True,d19_hh25,head
d19,a0,d19_18,farmer_agricultural,33,2,0,0,0.75,45192,True,d19_hh25,partner
d25,a0,d25_101,middle_class,43,4,0,0,0.7,71573,True,d25_hh5,head
d25,a0,d25_456,low_income,38,0,0,0,0.5,15728,True,d25_hh5,partner
d61,a0,d61_140,farmer_agricultural,46,2,1,0,0.75,48797,True,d61_hh130,head
d61,a0,d61_118,rural_worker,31,1,1,0,0.7,24316,True,d61_hh130,partner
d174,a3,d174_438,retired,77,1,0,0,0.3,26806,True,d174_hh167,head
d174,a3,d174_225,working_class,51,4,0,0,0.65,26251,True,d174_hh167,partner
d13,a2,d13_322,retired,71,3,1,0,0.3,7794,True,d13_hh211,head
d56,a3,d56_420,middle_class,30,2,0,0,0.7,40960,True,d56_hh14,head
d56,a3,d56_10,rural_worker,38,1,0,0,0.7,29436,True,d56_hh14,partner
d95,a0,d95_75,farmer_agricultural,40,1,1,0,0.75,45264,True,d95_hh24,head
d95,a0,d95_438,working_class,38,0,1,0,0.65,22636,True,d95_hh24,partner
d50,a3,d50_240,farmer_agricultural,26,1,1,0,0.75,14327,True,d50_hh181,head
d50,a3,d50_452,rural_worker,59,1,0,0,0.7,22936,True,d50_hh181,partner
d170,a4,d170_421,retired,74,3,0,0,0.3,7284,True,d170_hh215,head
d140,a0,d140_38,middle_class,41,4,1,0,0.7,53771,True,d140_hh89,head
d140,a0,d140_105,working_class,49,1,0,0,0.65,32367,True,d140_hh89,partner
d140,a0,d140_38c0,na,7,na,0,0,0,0,True,d140_hh89,child
d140,a0,d140_38c1,na,4,na,0,0,0,0,True,d140_hh89,child
d151,a3,d151_480,affluent_professional,52,6,1,0,0.6,80318,True,d151_hh205,head
d151,a3,d151_362,working_class,47,3,0,0,0.65,30743,True,d151_hh205,partner
d73,a0,d73_443,retired,79,3,1,0,0.3,29515,True,d73_hh21,head
d73,a0,d73_270,retired,72,3,1,0,0.3,21225,True,d73_hh21,partner
d32,a3,d32_297,farmer_agricultural,42,0,0,0,0.75,45695,True,d32_hh144,head
d23,a3,d23_252,farmer_agricultural,52,2,0,0,0.75,16808,True,d23_hh225,head
d23,a3,d23_169,rural_worker,39,0,1,0,0.7,27061,True,d23_hh225,partner
d121,a0,d121_149,working_class,39,2,0,0,0.65,30273,True,d121_hh255,head
d121,a0,d121_3,low_income,35,0,0,0,0.5,10889,True,d121_hh255,partner
d121,a0,d121_149c0,na,3,na,0,0,0,0,True,d121_hh255,child
d121,a0,d121_149c1,na,16,na,1,0,0,0,True,d121_hh255,child
d29,a1,d29_185,working_class,51,0,1,0,0.65,28534,True,d29_hh215,head
d29,a1,d29_128,middle_class,54,3,0,0,0.7,52122,True,d29_hh215,partner
d183,a3,d183_317,middle_class,63,4,0,0,0.7,41246,True,d183_hh125,head
d183,a3,d183_465,working_class,46,3,1,0,0.65,22169,True,d183_hh125,partner
d157,a0,d157_455,retired,78,2,1,0,0.3,20282,True,d157_hh54,head
d157,a0,d157_206,working_class,49,3,0,0,0.65,26396,True,d157_hh54,partner
d7,a0,d7_437,affluent_professional,37,7,0,0,0.6,48332,True,d7_hh24,head
d13,a2,d13_448,rural_worker,42,2,1,0,0.7,30373,True,d13_hh243,head
d13,a2,d13_436,rural_worker,48,1,1,0,0.7,18197,True,d13_hh243,partner
d137,a1,d137_65,affluent_professional,35,5,1,0,0.6,70379,True,d137_hh145,head
d137,a1,d137_459,retired,61,2,1,0,0.3,4627,True,d137_hh145,partner
d175,a3,d175_258,affluent_professional,36,7,0,0,0.6,50878,True,d175_hh44,head
d175,a3,d175_204,farmer_agricultural,45,3,1,0,0.75,29511,True,d175_hh44,partner
d56,a3,d56_483,farmer_agricultural,62,1,0,0,0.75,39126,True,d56_hh212,head
d56,a3,d56_132,working_class,53,2,0,0,0.65,20585,True,d56_hh212,partner
d203,a1,d203_192,young_professional,27,7,1,0,0.2,34908,True,d203_hh231,head
d119,a1,d119_31,working_class,59,2,0,0,0.65,19561,True,d119_hh75,head
d17,a3,d17_367,working_class,45,1,0,0,0.65,22124,True,d17_hh67,head
d17,a3,d17_279,retired,58,2,0,0,0.3,38080,True,d17_hh67,partner
d136,a1,d136_16,student,23,4,1,0,0.05,10200,True,d136_hh174,head
d136,a1,d136_182,young_professional,32,6,1,0,0.2,23222,True,d136_hh174,partner
d136,a1,d136_16c0,na,9,na,0,0,0,0,True,d136_hh174,child
d136,a1,d136_16c1,na,0,na,1,0,0,0,True,d136_hh174,child
d136,a1,d136_16c2,na,4,na,1,0,0,0,True,d136_hh174,child
d121,a0,d121_49,affluent_professional,39,6,0,0,0.6,76050,True,d121_hh140,head
d121,a0,d121_437,working_class,37,1,0,0,0.65,27064,True,d121_hh140,partner
d121,a0,d121_49c0,na,4,na,1,0,0,0,True,d121_hh140,child
d125,a1,d125_10,working_class,55,2,0,0,0.65,20812,True,d125_hh169,head
d125,a1,d125_243,farmer_agricultural,62,1,0,0,0.75,44093,True,d125_hh169,partner
d151,a3,d151_145,working_class,47,3,0,0,0.65,18913,True,d151_hh266,head
d47,a1,d47_432,retired,101,3,1,0,0.3,26465,True,d47_hh146,head
d121,a0,d121_323,affluent_professional,45,6,0,0,0.6,58005,True,d121_hh64,head
d9,a3,d9_147,middle_class,54,3,0,0,0.7,49744,True,d9_hh258,head
d68,a0,d68_204,retired,74,2,0,0,0.3,38006,True,d68_hh183,head
d68,a0,d68_24,low_income,20,1,0,0,0.5,22174,True,d68_hh183,partner
d142,a0,d142_174,low_income,24,0,0,0,0.5,14692,True,d142_hh50,head
d142,a0,d142_112,retired,79,2,1,0,0.3,3647,True,d142_hh50,partner
d74,a0,d74_390,rural_worker,43,1,0,0,0.7,30900,True,d74_hh182,head
d74,a0,d74_44,rural_worker,45,0,0,0,0.7,27161,True,d74_hh182,partner
d155,a3,d155_242,retired,77,2,0,0,0.3,29333,True,d155_hh196,head
d71,a1,d71_286,working_class,41,2,0,0,0.65,26364,True,d71_hh8,head
d71,a1,d71_193,middle_class,33,2,0,0,0.7,49879,True,d71_hh8,partner
d71,a1,d71_286c0,na,0,na,1,0,0,0,True,d71_hh8,child
d71,a1,d71_286c1,na,16,na,0,0,0,0,True,d71_hh8,child
d112,a0,d112_231,farmer_agricultural,49,1,1,0,0.75,40485,True,d112_hh187,head
d112,a0,d112_234,farmer_agricultural,63,1,0,0,0.75,18432,True,d112_hh187,partner
d120,a0,d120_38,working_class,35,0,1,0,0.65,32128,True,d120_hh183,head
d120,a0,d120_38c0,na,1,na,1,0,0,0,True,d120_hh183,child
d120,a0,d120_38c1,na,7,na,0,0,0,0,True,d120_hh183,child
d120,a0,d120_38c2,na,3,na,1,0,0,0,True,d120_hh183,child
d83,a0,d83_466,working_class,40,2,0,0,0.65,4240,True,d83_hh181,head
d83,a0,d83_374,rural_worker,46,2,0,0,0.7,25616,True,d83_hh181,partner
d54,a0,d54_69,retired,83,3,1,0,0.3,27959,True,d54_hh51,head
d54,a0,d54_367,affluent_professional,26,9,1,0,0.6,75774,True,d54_hh51,partner
d146,a3,d146_108,rural_worker,40,0,0,0,0.7,20186,True,d146_hh146,head
d146,a3,d146_459,retired,61,1,0,0,0.3,15037,True,d146_hh146,partner
d212,a0,d212_28,working_class,33,3,1,0,0.65,25271,True,d212_hh73,head
d191,a4,d191_412,middle_class,42,4,0,0,0.7,39447,True,d191_hh222,head
d191,a4,d191_510,middle_class,57,4,0,0,0.7,30746,True,d191_hh222,partner
d191,a4,d191_412c0,na,9,na,1,0,0,0,True,d191_hh222,child
d15,a0,d15_120,farmer_agricultural,43,1,0,0,0.75,21909,True,d15_hh191,head
d15,a0,d15_300,retired,77,-1,0,0,0.3,20435,True,d15_hh191,partner
d94,a1,d94_139,student,17,5,1,0,0.05,17900,True,d94_hh143,head
d94,a1,d94_6,working_class,41,3,1,0,0.65,27960,True,d94_hh143,partner
d94,a1,d94_149,working_class,39,1,1,0,0.65,35593,True,d94_hh143,partner
d94,a1,d94_190,affluent_professional,24,7,0,0,0.6,44432,True,d94_hh143,partner
d94,a1,d94_449,middle_class,63,1,1,0,0.7,42612,True,d94_hh143,partner
d73,a0,d73_275,farmer_agricultural,46,1,1,0,0.75,15342,True,d73_hh77,head
d73,a0,d73_141,retired,83,2,0,0,0.3,11534,True,d73_hh77,partner
d180,a4,d180_456,middle_class,49,3,0,0,0.7,38366,True,d180_hh47,head
d180,a4,d180_220,rural_worker,46,1,1,0,0.7,21532,True,d180_hh47,partner
d65,a4,d65_274,working_class,70,3,1,0,0.65,16245,True,d65_hh146,head
d184,a2,d184_59,rural_worker,38,2,1,0,0.7,26092,True,d184_hh135,head
d184,a2,d184_93,rural_worker,56,1,0,0,0.7,19109,True,d184_hh135,partner
d148,a0,d148_88,middle_class,46,5,1,0,0.7,48071,True,d148_hh208,head
d60,a1,d60_277,working_class,49,1,1,0,0.65,34238,True,d60_hh16,head
d60,a1,d60_365,rural_worker,58,2,0,0,0.7,13406,True,d60_hh16,partner
d203,a1,d203_429,middle_class,48,3,1,0,0.7,18104,True,d203_hh162,head
d203,a1,d203_357,affluent_professional,48,5,1,0,0.6,83689,True,d203_hh162,partner
d4,a4,d4_375,rural_worker,58,2,1,0,0.7,12939,True,d4_hh148,head
d84,a1,d84_316,working_class,44,2,0,0,0.65,39676,True,d84_hh60,head
d84,a1,d84_422,working_class,39,3,1,0,0.65,18722,True,d84_hh60,partner
d84,a1,d84_316c0,na,14,na,1,0,0,0,True,d84_hh60,child
d24,a3,d24_201,middle_class,41,4,0,0,0.7,27653,True,d24_hh127,head
d24,a3,d24_297,farmer_agricultural,39,3,0,0,0.75,56487,True,d24_hh127,partner
d203,a1,d203_377,young_professional,28,6,0,0,0.2,30805,True,d203_hh102,head
d97,a3,d97_219,farmer_agricultural,58,1,1,0,0.75,51306,True,d97_hh235,head
d97,a3,d97_385,rural_worker,52,0,1,0,0.7,12332,True,d97_hh235,partner
d113,a0,d113_130,retired,73,2,1,0,0.3,29871,True,d113_hh197,head
d113,a0,d113_197,rural_worker,33,2,0,0,0.7,16672,True,d113_hh197,partner
d186,a1,d186_239,farmer_agricultural,46,1,0,0,0.75,48093,True,d186_hh64,head
d186,a1,d186_183,farmer_agricultural,49,2,0,0,0.75,4307,True,d186_hh64,partner
d196,a1,d196_371,working_class,42,4,1,0,0.65,33296,True,d196_hh139,head
d196,a1,d196_179,retired,74,2,1,0,0.3,40946,True,d196_hh139,partner
d163,a1,d163_48,farmer_agricultural,52,1,0,0,0.75,9401,True,d163_hh165,head
d163,a1,d163_403,rural_worker,37,2,1,0,0.7,29128,True,d163_hh165,partner
d154,a3,d154_298,middle_class,39,3,0,0,0.7,36883,True,d154_hh170,head
d154,a3,d154_346,rural_worker,50,1,1,0,0.7,28675,True,d154_hh170,partner
d155,a3,d155_345,working_class,46,1,0,0,0.65,29531,True,d155_hh219,head
d155,a3,d155_289,farmer_agricultural,60,0,0,0,0.75,7100,True,d155_hh219,partner
d170,a4,d170_88,farmer_agricultural,44,1,0,0,0.75,25679,True,d170_hh153,head
d112,a0,d112_110,affluent_professional,36,3,0,0,0.6,68800,True,d112_hh58,head
d112,a0,d112_471,farmer_agricultural,40,2,1,0,0.75,11612,True,d112_hh58,partner
d86,a1,d86_215,young_professional,31,5,1,0,0.2,33871,True,d86_hh194,head
d69,a3,d69_457,working_class,57,2,1,0,0.65,34541,True,d69_hh180,head
d69,a3,d69_118,farmer_agricultural,62,0,1,0,0.75,50625,True,d69_hh180,partner
d62,a0,d62_472,rural_worker,67,1,0,0,0.7,11965,True,d62_hh12,head
d62,a0,d62_190,middle_class,47,2,1,0,0.7,25443,True,d62_hh12,partner
d155,a3,d155_227,working_class,46,3,0,0,0.65,27045,True,d155_hh189,head
d155,a3,d155_227c0,na,12,na,1,0,0,0,True,d155_hh189,child
d173,a4,d173_394,rural_worker,61,2,1,0,0.7,27486,True,d173_hh26,head
d173,a4,d173_209,affluent_professional,43,6,0,0,0.6,71142,True,d173_hh26,partner
d173,a4,d173_177,retired,62,3,1,0,0.3,40716,True,d173_hh98,head
d173,a4,d173_28,working_class,47,2,0,0,0.65,37018,True,d173_hh98,partner
d16,a3,d16_176,affluent_professional,49,5,1,0,0.6,70589,True,d16_hh264,head
d16,a3,d16_166,affluent_professional,42,4,1,0,0.6,80485,True,d16_hh264,partner
d131,a1,d131_309,retired,67,2,1,0,0.3,2326,True,d131_hh49,head
d214,a0,d214_211,farmer_agricultural,71,1,0,0,0.75,36642,True,d214_hh103,head
d214,a0,d214_7,retired,82,5,1,0,0.3,17468,True,d214_hh103,partner
d147,a3,d147_283,middle_class,50,1,0,0,0.7,46375,True,d147_hh258,head
d147,a3,d147_459,rural_worker,47,1,0,0,0.7,29596,True,d147_hh258,partner
d171,a3,d171_507,farmer_agricultural,62,0,1,0,0.75,21754,True,d171_hh261,head
d171,a3,d171_159,farmer_agricultural,40,1,0,0,0.75,36589,True,d171_hh261,partner
d86,a1,d86_211,low_income,24,1,0,0,0.5,15102,True,d86_hh122,head
d86,a1,d86_300,student,16,6,1,0,0.05,4599,True,d86_hh122,partner
d86,a1,d86_211c0,na,1,na,0,0,0,0,True,d86_hh122,child
d86,a1,d86_211c1,na,5,na,0,0,0,0,True,d86_hh122,child
d86,a1,d86_211c2,na,2,na,0,0,0,0,True,d86_hh122,child
d86,a1,d86_211c3,na,5,na,1,0,0,0,True,d86_hh122,child
d133,a3,d133_397,farmer_agricultural,53,0,1,0,0.75,9360,True,d133_hh33,head
d133,a3,d133_301,affluent_professional,44,6,1,0,0.6,61402,True,d133_hh33,partner
d87,a4,d87_26,farmer_agricultural,38,2,1,0,0.75,18888,True,d87_hh12,head
d87,a4,d87_408,rural_worker,22,0,0,0,0.7,12430,True,d87_hh12,partner
d120,a0,d120_367,retired,67,1,0,0,0.3,3692,True,d120_hh178,head
d120,a0,d120_209,middle_class,55,4,1,0,0.7,52825,True,d120_hh178,partner
d28,a0,d28_192,young_professional,30,4,0,0,0.2,20696,True,d28_hh204,head
d28,a0,d28_117,working_class,67,3,0,0,0.65,33525,True,d28_hh204,partner
d5,a1,d5_284,farmer_agricultural,69,2,0,0,0.75,40003,True,d5_hh162,head
d5,a1,d5_28,retired,61,3,0,0,0.3,32150,True,d5_hh162,partner
d137,a1,d137_195,rural_worker,63,0,0,0,0.7,26875,True,d137_hh206,head
d137,a1,d137_476,farmer_agricultural,42,2,0,0,0.75,31358,True,d137_hh206,partner
d199,a4,d199_240,working_class,44,3,0,0,0.65,28446,True,d199_hh229,head
d199,a4,d199_320,farmer_agricultural,27,3,0,0,0.75,32817,True,d199_hh229,partner
d142,a0,d142_79,young_professional,24,5,0,0,0.2,20554,True,d142_hh39,head
d97,a3,d97_130,farmer_agricultural,60,0,1,0,0.75,22146,True,d97_hh172,head
d97,a3,d97_70,farmer_agricultural,28,2,0,0,0.75,30550,True,d97_hh172,partner
d97,a3,d97_267,retired,77,4,0,0,0.3,17836,True,d97_hh172,partner
d91,a3,d91_380,rural_worker,61,2,1,0,0.7,24285,True,d91_hh252,head
d91,a3,d91_298,farmer_agricultural,37,1,0,0,0.75,20966,True,d91_hh252,partner
d192,a3,d192_121,middle_class,47,4,1,0,0.7,39579,True,d192_hh206,head
d192,a3,d192_363,middle_class,55,4,1,0,0.7,58577,True,d192_hh206,partner
d118,a0,d118_117,middle_class,47,3,0,0,0.7,34184,True,d118_hh172,head
d118,a0,d118_9,middle_class,35,5,1,0,0.7,10512,True,d118_hh172,partner
d69,a3,d69_210,rural_worker,44,1,1,0,0.7,24179,True,d69_hh234,head
d69,a3,d69_68,working_class,39,3,1,0,0.65,28176,True,d69_hh234,partner
d69,a3,d69_210c0,na,12,na,0,0,0,0,True,d69_hh234,child
d83,a0,d83_41,rural_worker,60,2,0,0,0.7,35624,True,d83_hh133,head
d83,a0,d83_104,affluent_professional,43,7,0,0,0.6,53847,True,d83_hh133,partner
d136,a1,d136_514,middle_class,50,6,1,0,0.7,22354,True,d136_hh162,head
d136,a1,d136_192,young_professional,35,5,0,0,0.2,27983,True,d136_hh162,partner
d136,a1,d136_514c0,na,14,na,0,0,0,0,True,d136_hh162,child
d136,a1,d136_514c1,na,0,na,0,0,0,0,True,d136_hh162,child
d174,a3,d174_259,rural_worker,53,1,1,0,0.7,21431,True,d174_hh54,head
d174,a3,d174_413,rural_worker,44,0,0,0,0.7,25135,True,d174_hh54,partner
d174,a3,d174_306,retired,72,1,1,0,0.3,25231,True,d174_hh54,partner
d174,a3,d174_389,farmer_agricultural,75,0,0,0,0.75,31720,True,d174_hh54,partner
d174,a3,d174_178,retired,74,4,0,0,0.3,21753,True,d174_hh54,partner
d167,a0,d167_396,affluent_professional,56,7,1,0,0.6,38466,True,d167_hh249,head
d167,a0,d167_95,working_class,52,2,1,0,0.65,33415,True,d167_hh249,partner
d187,a0,d187_97,rural_worker,48,1,0,0,0.7,18293,True,d187_hh282,head
d187,a0,d187_126,middle_class,55,5,1,0,0.7,56420,True,d187_hh282,partner
d92,a1,d92_27,working_class,34,1,0,0,0.65,28567,True,d92_hh11,head
d92,a1,d92_372,middle_class,31,4,1,0,0.7,45658,True,d92_hh11,partner
d92,a1,d92_27c0,na,12,na,1,0,0,0,True,d92_hh11,child
d92,a1,d92_27c1,na,14,na,0,0,0,0,True,d92_hh11,child
d133,a3,d133_256,rural_worker,52,2,1,0,0.7,19296,True,d133_hh125,head
d133,a3,d133_165,retired,83,2,0,0,0.3,19737,True,d133_hh125,partner
d124,a3,d124_471,retired,70,2,1,0,0.3,22375,True,d124_hh180,head
d124,a3,d124_370,middle_class,45,3,0,0,0.7,19603,True,d124_hh180,partner
d82,a3,d82_40,affluent_professional,32,9,0,0,0.6,71318,True,d82_hh39,head
d23,a3,d23_117,working_class,68,4,1,0,0.65,34143,True,d23_hh278,head
d121,a0,d121_31,young_professional,29,7,0,0,0.2,32179,True,d121_hh157,head
d121,a0,d121_357,retired,88,2,0,0,0.3,11576,True,d121_hh157,partner
d100,a3,d100_9,retired,79,3,1,0,0.3,27772,True,d100_hh6,head
d20,a3,d20_471,working_class,57,0,1,0,0.65,23574,True,d20_hh50,head
d20,a3,d20_107,middle_class,39,3,1,0,0.7,25135,True,d20_hh50,partner
d80,a0,d80_124,retired,56,2,0,0,0.3,23531,True,d80_hh198,head
d164,a0,d164_162,farmer_agricultural,51,2,0,0,0.75,44286,True,d164_hh173,head
d164,a0,d164_123,affluent_professional,35,5,1,0,0.6,100487,True,d164_hh173,partner
d11,a3,d11_442,rural_worker,40,1,0,0,0.7,19759,True,d11_hh101,head
d19,a0,d19_254,middle_class,32,2,1,0,0.7,44294,True,d19_hh192,head
d19,a0,d19_318,working_class,60,2,1,0,0.65,14301,True,d19_hh192,partner
d141,a0,d141_293,middle_class,21,5,0,0,0.7,43654,True,d141_hh18,head
d154,a3,d154_264,middle_class,30,5,1,0,0.7,32690,True,d154_hh187,head
d154,a3,d154_207,affluent_professional,39,7,1,0,0.6,94085,True,d154_hh187,partner
d154,a3,d154_264c0,na,14,na,0,0,0,0,True,d154_hh187,child
d154,a3,d154_264c1,na,4,na,0,0,0,0,True,d154_hh187,child
d154,a3,d154_264c2,na,11,na,1,0,0,0,True,d154_hh187,child
d152,a4,d152_293,retired,64,-1,0,0,0.3,19053,True,d152_hh186,head
d152,a4,d152_125,retired,75,3,0,0,0.3,30537,True,d152_hh186,partner
d25,a0,d25_118,young_professional,28,5,1,0,0.2,43739,True,d25_hh165,head
d25,a0,d25_357,low_income,41,0,0,0,0.5,12941,True,d25_hh165,partner
d85,a1,d85_12,retired,64,0,1,0,0.3,30161,True,d85_hh38,head
d85,a1,d85_472,farmer_agricultural,55,2,0,0,0.75,17652,True,d85_hh38,partner
d169,a3,d169_240,middle_class,42,5,0,0,0.7,41686,True,d169_hh75,head
d169,a3,d169_205,rural_worker,46,2,1,0,0.7,28222,True,d169_hh75,partner
d40,a3,d40_191,retired,79,3,1,0,0.3,1287,True,d40_hh36,head
d61,a0,d61_188,working_class,83,1,1,0,0.65,20367,True,d61_hh192,head
d135,a4,d135_368,farmer_agricultural,45,0,0,0,0.75,21704,True,d135_hh24,head
d135,a4,d135_248,rural_worker,43,1,0,0,0.7,19483,True,d135_hh24,partner
d158,a4,d158_136,rural_worker,29,2,1,0,0.7,34771,True,d158_hh24,head
d158,a4,d158_200,working_class,57,2,0,0,0.65,18488,True,d158_hh24,partner
d106,a3,d106_260,rural_worker,52,2,1,0,0.7,24774,True,d106_hh252,head
d106,a3,d106_425,farmer_agricultural,53,2,0,0,0.75,33441,True,d106_hh252,partner
d54,a0,d54_289,affluent_professional,50,4,1,0,0.6,71368,True,d54_hh160,head
d54,a0,d54_27,retired,61,1,0,0,0.3,13294,True,d54_hh160,partner
d32,a3,d32_413,rural_worker,28,1,0,0,0.7,35093,True,d32_hh103,head
d32,a3,d32_286,affluent_professional,47,5,1,0,0.6,98154,True,d32_hh103,partner
d97,a3,d97_257,farmer_agricultural,50,1,0,0,0.75,10344,True,d97_hh161,head
d159,a4,d159_427,farmer_agricultural,52,4,1,0,0.75,3240,True,d159_hh214,head
d159,a4,d159_477,retired,76,2,0,0,0.3,23731,True,d159_hh214,partner
d159,a4,d159_85,retired,72,4,0,0,0.3,5552,True,d159_hh214,partner
d159,a4,d159_260,retired,82,5,1,0,0.3,1260,True,d159_hh214,partner
d116,a3,d116_291,middle_class,55,3,1,0,0.7,48808,True,d116_hh165,head
d116,a3,d116_461,retired,62,2,0,0,0.3,14247,True,d116_hh165,partner
d148,a0,d148_421,middle_class,65,3,1,0,0.7,45933,True,d148_hh59,head
d148,a0,d148_16,affluent_professional,40,5,0,0,0.6,103993,True,d148_hh59,partner
d154,a3,d154_214,working_class,44,2,0,0,0.65,26486,True,d154_hh93,head
d154,a3,d154_404,farmer_agricultural,54,2,0,0,0.75,34352,True,d154_hh93,partner
d53,a3,d53_467,farmer_agricultural,60,1,1,0,0.75,4881,True,d53_hh53,head
d53,a3,d53_492,working_class,46,1,0,0,0.65,26335,True,d53_hh53,partner
d61,a0,d61_419,rural_worker,48,1,1,0,0.7,17170,True,d61_hh67,head
d61,a0,d61_61,rural_worker,48,1,0,0,0.7,25039,True,d61_hh67,partner
d197,a4,d197_401,retired,75,0,0,0,0.3,16517,True,d197_hh6,head
d197,a4,d197_165,rural_worker,46,2,1,0,0.7,28810,True,d197_hh6,partner
d182,a4,d182_57,retired,90,0,1,0,0.3,10466,True,d182_hh72,head
d182,a4,d182_409,working_class,60,2,1,0,0.65,13693,True,d182_hh72,partner
d23,a3,d23_63,middle_class,29,8,1,0,0.7,34106,True,d23_hh31,head
d23,a3,d23_374,rural_worker,39,2,1,0,0.7,29909,True,d23_hh31,partner
d23,a3,d23_63c0,na,5,na,1,0,0,0,True,d23_hh31,child
d181,a1,d181_303,affluent_professional,45,4,0,0,0.6,57106,True,d181_hh63,head
d181,a1,d181_34,working_class,42,2,0,0,0.65,30563,True,d181_hh63,partner
d86,a1,d86_407,young_professional,25,4,0,0,0.2,36818,True,d86_hh281,head
d86,a1,d86_258,low_income,44,0,0,0,0.5,25653,True,d86_hh281,partner
d67,a4,d67_77,retired,70,2,0,0,0.3,21723,True,d67_hh242,head
d67,a4,d67_51,working_class,60,0,0,0,0.65,23943,True,d67_hh242,partner
d109,a0,d109_435,farmer_agricultural,64,1,1,0,0.75,19222,True,d109_hh90,head
d173,a4,d173_253,rural_worker,39,1,0,0,0.7,15614,True,d173_hh126,head
d173,a4,d173_294,retired,68,2,1,0,0.3,34002,True,d173_hh126,partner
d63,a1,d63_90,working_class,37,3,0,0,0.65,21107,True,d63_hh116,head
d211,a1,d211_388,retired,69,3,1,0,0.3,27930,True,d211_hh77,head
d211,a1,d211_91,low_income,34,1,0,0,0.5,24853,True,d211_hh77,partner
d9,a3,d9_218,working_class,61,2,1,0,0.65,23737,True,d9_hh3,head
d9,a3,d9_376,middle_class,32,5,0,0,0.7,13173,True,d9_hh3,partner
d94,a1,d94_166,working_class,55,2,1,0,0.65,30715,True,d94_hh133,head
d94,a1,d94_116,middle_class,48,5,1,0,0.7,36320,True,d94_hh133,partner
d116,a3,d116_353,working_class,50,2,1,0,0.65,21392,True,d116_hh177,head
d116,a3,d116_225,working_class,50,1,0,0,0.65,13119,True,d116_hh177,partner
d136,a1,d136_180,retired,83,1,1,0,0.3,26663,True,d136_hh74,head
d98,a1,d98_244,middle_class,35,4,1,0,0.7,45479,True,d98_hh144,head
d98,a1,d98_280,farmer_agricultural,35,1,1,0,0.75,35557,True,d98_hh144,partner
d104,a1,d104_428,rural_worker,47,1,1,0,0.7,15297,True,d104_hh206,head
d98,a1,d98_16,farmer_agricultural,60,2,0,0,0.75,1176,True,d98_hh85,head
d98,a1,d98_95,rural_worker,51,2,1,0,0.7,31224,True,d98_hh85,partner
d76,a1,d76_232,affluent_professional,21,8,1,0,0.6,37429,True,d76_hh139,head
d114,a1,d114_20,rural_worker,31,1,1,0,0.7,33905,True,d114_hh55,head
d114,a1,d114_402,rural_worker,51,0,0,0,0.7,23856,True,d114_hh55,partner
d205,a0,d205_182,middle_class,32,4,0,0,0.7,44266,True,d205_hh253,head
d205,a0,d205_319,working_class,51,4,1,0,0.65,18275,True,d205_hh253,partner
d162,a3,d162_367,retired,64,-1,1,0,0.3,31338,True,d162_hh73,head
d106,a3,d106_308,retired,65,2,0,0,0.3,24670,True,d106_hh98,head
d106,a3,d106_415,farmer_agricultural,55,0,1,0,0.75,44076,True,d106_hh98,partner
d128,a4,d128_93,middle_class,36,3,1,0,0.7,59265,True,d128_hh222,head
d177,a3,d177_60,middle_class,48,8,0,0,0.7,37610,True,d177_hh110,head
d177,a3,d177_262,retired,78,1,1,0,0.3,21814,True,d177_hh110,partner
d29,a1,d29_186,retired,65,3,1,0,0.3,33155,True,d29_hh60,head
d29,a1,d29_132,working_class,62,2,1,0,0.65,27371,True,d29_hh60,partner
d62,a0,d62_419,affluent_professional,44,5,0,0,0.6,74524,True,d62_hh41,head
d62,a0,d62_376,affluent_professional,39,5,1,0,0.6,72946,True,d62_hh41,partner
d95,a0,d95_174,middle_class,42,4,1,0,0.7,28740,True,d95_hh153,head
d95,a0,d95_277,working_class,64,2,0,0,0.65,19898,True,d95_hh153,partner
d95,a0,d95_174c0,na,10,na,1,0,0,0,True,d95_hh153,child
d49,a3,d49_15,affluent_professional,40,5,1,0,0.6,85595,True,d49_hh166,head
d49,a3,d49_235,middle_class,74,4,0,0,0.7,29994,True,d49_hh166,partner
d9,a3,d9_125,middle_class,34,4,1,0,0.7,53931,True,d9_hh226,head
d9,a3,d9_320,middle_class,48,6,1,0,0.7,33646,True,d9_hh226,partner
d203,a1,d203_194,working_class,37,3,1,0,0.65,37393,True,d203_hh217,head
d203,a1,d203_9,affluent_professional,43,4,0,0,0.6,56593,True,d203_hh217,partner
d76,a1,d76_72,working_class,61,2,0,0,0.65,33807,True,d76_hh42,head
d76,a1,d76_469,retired,73,3,1,0,0.3,47699,True,d76_hh42,partner
d66,a4,d66_24,rural_worker,42,1,1,0,0.7,15974,True,d66_hh29,head
d101,a0,d101_287,middle_class,29,5,0,0,0.7,18930,True,d101_hh33,head
d101,a0,d101_397,retired,60,4,1,0,0.3,3458,True,d101_hh33,partner
d206,a1,d206_385,rural_worker,42,2,0,0,0.7,13442,True,d206_hh68,head
d206,a1,d206_1,middle_class,30,0,0,0,0.7,45543,True,d206_hh68,partner
d101,a0,d101_258,middle_class,34,2,0,0,0.7,40459,True,d101_hh86,head
d101,a0,d101_446,middle_class,32,4,0,0,0.7,56891,True,d101_hh86,partner
d101,a0,d101_258c0,na,5,na,0,0,0,0,True,d101_hh86,child
d192,a3,d192_246,rural_worker,56,2,1,0,0.7,28179,True,d192_hh233,head
d192,a3,d192_302,working_class,45,1,0,0,0.65,25980,True,d192_hh233,partner
d169,a3,d169_265,affluent_professional,40,6,0,0,0.6,53830,True,d169_hh178,head
d88,a4,d88_104,retired,69,1,0,0,0.3,39844,True,d88_hh102,head
d88,a4,d88_79,working_class,56,4,0,0,0.65,29841,True,d88_hh102,partner
d80,a0,d80_459,rural_worker,46,2,0,0,0.7,16460,True,d80_hh63,head
d80,a0,d80_7,retired,66,1,0,0,0.3,25446,True,d80_hh63,partner
d204,a3,d204_498,working_class,50,1,0,0,0.65,19390,True,d204_hh66,head
d195,a1,d195_141,farmer_agricultural,68,1,1,0,0.75,14194,True,d195_hh92,head
d195,a1,d195_16,working_class,50,3,1,0,0.65,30161,True,d195_hh92,partner
d80,a0,d80_19,retired,70,0,1,0,0.3,21578,True,d80_hh263,head
d121,a0,d121_228,young_professional,29,6,1,0,0.2,24552,True,d121_hh202,head
d121,a0,d121_195,young_professional,23,5,0,0,0.2,34947,True,d121_hh202,partner
d121,a0,d121_228c0,na,14,na,0,0,0,0,True,d121_hh202,child
d121,a0,d121_228c1,na,15,na,1,0,0,0,True,d121_hh202,child
d192,a3,d192_142,retired,63,3,1,0,0.3,37527,True,d192_hh225,head
d86,a1,d86_354,young_professional,25,5,0,0,0.2,27669,True,d86_hh75,head
d197,a4,d197_268,farmer_agricultural,47,2,0,0,0.75,21608,True,d197_hh121,head
d197,a4,d197_357,rural_worker,54,0,0,0,0.7,23619,True,d197_hh121,partner
d197,a4,d197_374,retired,74,1,1,0,0.3,29423,True,d197_hh39,head
d95,a0,d95_120,farmer_agricultural,55,2,1,0,0.75,45728,True,d95_hh77,head
d95,a0,d95_450,farmer_agricultural,48,1,0,0,0.75,27245,True,d95_hh77,partner
d116,a3,d116_480,middle_class,52,6,0,0,0.7,27285,True,d116_hh243,head
d116,a3,d116_330,working_class,56,2,1,0,0.65,27459,True,d116_hh243,partner
d167,a0,d167_443,middle_class,41,5,1,0,0.7,34217,True,d167_hh207,head
d167,a0,d167_267,working_class,56,1,1,0,0.65,23085,True,d167_hh207,partner
d77,a3,d77_317,middle_class,31,4,0,0,0.7,28923,True,d77_hh149,head
d211,a1,d211_195,affluent_professional,62,8,0,0,0.6,78541,True,d211_hh184,head
d211,a1,d211_305,middle_class,43,6,0,0,0.7,30386,True,d211_hh184,partner
d165,a1,d165_334,affluent_professional,26,9,1,0,0.6,35526,True,d165_hh187,head
d165,a1,d165_157,working_class,47,1,0,0,0.65,16718,True,d165_hh187,partner
d199,a4,d199_278,middle_class,36,3,1,0,0.7,42081,True,d199_hh72,head
d199,a4,d199_482,retired,87,3,1,0,0.3,-1474,True,d199_hh72,partner
d186,a1,d186_86,middle_class,42,5,1,0,0.7,43926,True,d186_hh110,head
d186,a1,d186_278,working_class,45,0,0,0,0.65,35655,True,d186_hh110,partner
d186,a1,d186_86c0,na,13,na,0,0,0,0,True,d186_hh110,child
d108,a1,d108_83,working_class,42,4,1,0,0.65,30072,True,d108_hh274,head
d96,a1,d96_321,rural_worker,41,2,1,0,0.7,31915,True,d96_hh153,head
d96,a1,d96_299,rural_worker,48,0,0,0,0.7,28789,True,d96_hh153,partner
d69,a3,d69_92,middle_class,50,3,1,0,0.7,31491,True,d69_hh1,head
d69,a3,d69_170,rural_worker,25,3,0,0,0.7,19124,True,d69_hh1,partner
d128,a4,d128_173,retired,68,2,1,0,0.3,22204,True,d128_hh259,head
d40,a3,d40_63,rural_worker,47,1,1,0,0.7,26470,True,d40_hh182,head
d213,a3,d213_7,rural_worker,61,2,0,0,0.7,11983,True,d213_hh185,head
d213,a3,d213_114,middle_class,38,6,0,0,0.7,33701,True,d213_hh185,partner
d8,a0,d8_256,working_class,46,3,1,0,0.65,40508,True,d8_hh265,head
d8,a0,d8_7,affluent_professional,39,7,1,0,0.6,60917,True,d8_hh265,partner
d98,a1,d98_459,retired,85,3,1,0,0.3,31504,True,d98_hh35,head
d195,a1,d195_387,retired,77,0,0,0,0.3,41478,True,d195_hh219,head
d195,a1,d195_187,working_class,52,2,1,0,0.65,26093,True,d195_hh219,partner
d16,a3,d16_467,farmer_agricultural,17,2,0,0,0.75,28438,True,d16_hh46,head
d16,a3,d16_169,working_class,42,3,1,0,0.65,33645,True,d16_hh46,partner
d55,a3,d55_402,rural_worker,51,1,1,0,0.7,8974,True,d55_hh186,head
d55,a3,d55_468,affluent_professional,56,4,0,0,0.6,61995,True,d55_hh186,partner
d113,a0,d113_77,working_class,65,1,0,0,0.65,43627,True,d113_hh147,head
d211,a1,d211_460,affluent_professional,36,5,1,0,0.6,61349,True,d211_hh47,head
d211,a1,d211_405,retired,72,1,0,0,0.3,20319,True,d211_hh47,partner
d211,a1,d211_460c0,na,5,na,1,0,0,0,True,d211_hh47,child
d179,a4,d179_24,rural_worker,67,0,1,0,0.7,15595,True,d179_hh240,head
d179,a4,d179_88,working_class,41,3,0,0,0.65,33313,True,d179_hh240,partner
d162,a3,d162_170,farmer_agricultural,42,2,0,0,0.75,39236,True,d162_hh150,head
d162,a3,d162_155,middle_class,51,5,1,0,0.7,26969,True,d162_hh150,partner
d19,a0,d19_346,affluent_professional,42,5,0,0,0.6,84021,True,d19_hh215,head
d19,a0,d19_402,affluent_professional,66,6,1,0,0.6,12564,True,d19_hh215,partner
d167,a0,d167_119,working_class,38,4,1,0,0.65,15556,True,d167_hh216,head
d167,a0,d167_302,working_class,42,1,0,0,0.65,31492,True,d167_hh216,partner
d72,a0,d72_84,rural_worker,39,3,0,0,0.7,2771,True,d72_hh266,head
d72,a0,d72_528,rural_worker,33,2,0,0,0.7,18473,True,d72_hh266,partner
d188,a0,d188_78,young_professional,25,5,0,0,0.2,43127,True,d188_hh1,head
d188,a0,d188_378,middle_class,29,4,1,0,0.7,51781,True,d188_hh1,partner
d132,a0,d132_2,retired,67,1,1,0,0.3,22542,True,d132_hh100,head
d113,a0,d113_43,affluent_professional,35,6,0,0,0.6,63029,True,d113_hh228,head
d113,a0,d113_249,retired,70,2,0,0,0.3,18682,True,d113_hh228,partner
d113,a0,d113_43c0,na,12,na,1,0,0,0,True,d113_hh228,child
d127,a0,d127_192,working_class,53,2,1,0,0.65,30583,True,d127_hh152,head
d127,a0,d127_103,retired,64,1,0,0,0.3,28365,True,d127_hh152,partner
d175,a3,d175_14,retired,63,2,0,0,0.3,25429,True,d175_hh163,head
d175,a3,d175_218,farmer_agricultural,50,4,1,0,0.75,32716,True,d175_hh163,partner
d64,a0,d64_436,retired,75,0,0,0,0.3,25597,True,d64_hh151,head
d64,a0,d64_374,middle_class,45,2,1,0,0.7,50081,True,d64_hh151,partner
d108,a1,d108_279,working_class,67,2,1,0,0.65,15130,True,d108_hh198,head
d108,a1,d108_275,working_class,54,3,0,0,0.65,24835,True,d108_hh198,partner
d197,a4,d197_170,farmer_agricultural,68,1,0,0,0.75,16611,True,d197_hh155,head
d197,a4,d197_176,retired,76,0,1,0,0.3,20261,True,d197_hh155,partner
d122,a1,d122_292,working_class,58,2,0,0,0.65,18209,True,d122_hh248,head
d122,a1,d122_392,affluent_professional,29,7,0,0,0.6,92896,True,d122_hh248,partner
d121,a0,d121_262,working_class,40,3,0,0,0.65,18050,True,d121_hh218,head
d121,a0,d121_40,young_professional,28,5,1,0,0.2,36103,True,d121_hh218,partner
d61,a0,d61_175,rural_worker,56,0,1,0,0.7,25346,True,d61_hh188,head
d61,a0,d61_211,farmer_agricultural,53,0,1,0,0.75,60707,True,d61_hh188,partner
d50,a3,d50_55,retired,55,2,1,0,0.3,24871,True,d50_hh97,head
d50,a3,d50_212,working_class,45,2,0,0,0.65,22635,True,d50_hh97,partner
d41,a1,d41_2,retired,78,1,1,0,0.3,45093,True,d41_hh41,head
d41,a1,d41_241,rural_worker,40,2,0,0,0.7,21411,True,d41_hh41,partner
d77,a3,d77_112,retired,73,0,1,0,0.3,5058,True,d77_hh17,head
d183,a3,d183_383,working_class,33,3,1,0,0.65,9197,True,d183_hh162,head
d183,a3,d183_388,farmer_agricultural,45,1,1,0,0.75,20291,True,d183_hh162,partner
d124,a3,d124_175,middle_class,49,4,0,0,0.7,62942,True,d124_hh137,head
d124,a3,d124_44,working_class,35,3,1,0,0.65,16214,True,d124_hh137,partner
d124,a3,d124_175c0,na,2,na,0,0,0,0,True,d124_hh137,child
d36,a2,d36_14,farmer_agricultural,50,1,0,0,0.75,39525,True,d36_hh51,head
d36,a2,d36_18,working_class,21,3,0,0,0.65,34796,True,d36_hh51,partner
d119,a1,d119_148,affluent_professional,39,7,0,0,0.6,58812,True,d119_hh205,head
d119,a1,d119_353,farmer_agricultural,53,2,0,0,0.75,25172,True,d119_hh205,partner
d142,a0,d142_380,young_professional,31,5,1,0,0.2,42315,True,d142_hh124,head
d52,a4,d52_320,middle_class,49,6,1,0,0.7,44005,True,d52_hh243,head
d52,a4,d52_343,retired,69,2,0,0,0.3,18778,True,d52_hh243,partner
d203,a1,d203_384,affluent_professional,36,6,1,0,0.6,65319,True,d203_hh235,head
d189,a3,d189_202,middle_class,47,5,1,0,0.7,39598,True,d189_hh168,head
d189,a3,d189_446,working_class,39,1,1,0,0.65,11416,True,d189_hh168,partner
d10,a0,d10_206,working_class,57,1,0,0,0.65,26505,True,d10_hh68,head
d10,a0,d10_154,retired,80,3,0,0,0.3,34679,True,d10_hh68,partner
d141,a0,d141_487,middle_class,54,3,1,0,0.7,26453,True,d141_hh231,head
d141,a0,d141_155,rural_worker,29,1,1,0,0.7,12561,True,d141_hh231,partner
d64,a0,d64_370,rural_worker,24,2,0,0,0.7,23257,True,d64_hh70,head
d64,a0,d64_53,middle_class,52,3,1,0,0.7,30498,True,d64_hh70,partner
d189,a3,d189_167,working_class,38,0,0,0,0.65,19502,True,d189_hh153,head
d189,a3,d189_356,working_class,39,0,1,0,0.65,30783,True,d189_hh153,partner
d38,a3,d38_19,rural_worker,31,2,0,0,0.7,24148,True,d38_hh246,head
d38,a3,d38_362,middle_class,41,4,0,0,0.7,49465,True,d38_hh246,partner
d38,a3,d38_19c0,na,4,na,1,0,0,0,True,d38_hh246,child
